start_hour,trip_count,predicted
2023-10-20 00:00:00+00:00,9,5.078962563391722
2023-10-20 01:00:00+00:00,2,5.426573136142753
2023-10-20 02:00:00+00:00,2,2.3361842933639703
2023-10-20 03:00:00+00:00,1,3.5653468349514412
2023-10-20 04:00:00+00:00,2,4.116873453278902
2023-10-20 05:00:00+00:00,4,9.836274375297872
2023-10-20 06:00:00+00:00,14,15.657747899347358
2023-10-20 07:00:00+00:00,20,38.39133768184373
2023-10-20 08:00:00+00:00,41,36.6851405257881
2023-10-20 09:00:00+00:00,12,49.003777257327286
2023-10-20 10:00:00+00:00,25,21.21981583686795
2023-10-20 11:00:00+00:00,36,29.47869651494992
2023-10-20 12:00:00+00:00,36,46.032387857185924
2023-10-20 13:00:00+00:00,53,44.81013754231591
2023-10-20 14:00:00+00:00,39,61.23375748581741
2023-10-20 15:00:00+00:00,24,54.867473736592885
2023-10-20 16:00:00+00:00,29,33.83250677415461
2023-10-20 17:00:00+00:00,49,41.48316773443925
2023-10-20 18:00:00+00:00,52,51.31232863255917
2023-10-20 19:00:00+00:00,14,39.987708622030446
2023-10-20 20:00:00+00:00,26,14.102165659940647
2023-10-20 21:00:00+00:00,23,15.397879749195486
2023-10-20 22:00:00+00:00,19,17.77577423464321
2023-10-20 23:00:00+00:00,18,10.84044538738991
2023-10-21 00:00:00+00:00,15,10.263215276525429
2023-10-21 01:00:00+00:00,5,7.659247254193276
2023-10-21 02:00:00+00:00,6,4.4189311330180425
2023-10-21 03:00:00+00:00,4,4.0975351330263114
2023-10-21 04:00:00+00:00,4,6.06153212675563
2023-10-21 05:00:00+00:00,2,6.2089311662175355
2023-10-21 06:00:00+00:00,4,6.595731781920195
2023-10-21 07:00:00+00:00,3,9.716162637452001
2023-10-21 08:00:00+00:00,10,9.247598051194302
2023-10-21 09:00:00+00:00,9,21.57812418079854
2023-10-21 10:00:00+00:00,29,22.993823257452718
2023-10-21 11:00:00+00:00,32,27.8481601995696
2023-10-21 12:00:00+00:00,63,37.91595787962636
2023-10-21 13:00:00+00:00,76,63.6007396976589
2023-10-21 14:00:00+00:00,74,78.065735933578
2023-10-21 15:00:00+00:00,84,74.72763878296446
2023-10-21 16:00:00+00:00,70,88.64163412216581
2023-10-21 17:00:00+00:00,90,66.88805874160131
2023-10-21 18:00:00+00:00,96,86.44695884899342
2023-10-21 19:00:00+00:00,71,84.23625518540099
2023-10-21 20:00:00+00:00,24,61.14714833490873
2023-10-21 21:00:00+00:00,24,14.332172381237566
2023-10-21 22:00:00+00:00,13,16.620104957734217
2023-10-21 23:00:00+00:00,20,6.74531676316153
2023-10-22 00:00:00+00:00,11,10.520811746363131
2023-10-22 01:00:00+00:00,13,6.062112890536111
2023-10-22 02:00:00+00:00,8,6.910488071110725
2023-10-22 03:00:00+00:00,4,4.2907345431111725
2023-10-22 05:00:00+00:00,2,3.352277819743523
2023-10-22 06:00:00+00:00,4,2.795136382013648
2023-10-22 07:00:00+00:00,12,5.853947806819
2023-10-22 08:00:00+00:00,24,20.97897466952262
2023-10-22 09:00:00+00:00,51,41.56393606728268
2023-10-22 10:00:00+00:00,59,55.62635348541848
2023-10-22 11:00:00+00:00,101,61.47515770653115
2023-10-22 12:00:00+00:00,99,106.5104758916555
2023-10-22 13:00:00+00:00,89,111.39385423084344
2023-10-22 14:00:00+00:00,101,93.58794202263537
2023-10-22 15:00:00+00:00,99,106.75723261253512
2023-10-22 16:00:00+00:00,115,101.24918895410744
2023-10-22 17:00:00+00:00,88,105.1801145980105
2023-10-22 18:00:00+00:00,82,82.65534087079958
2023-10-22 19:00:00+00:00,48,73.09092494367408
2023-10-22 20:00:00+00:00,19,40.57185313221689
2023-10-22 21:00:00+00:00,15,15.406557105530972
2023-10-22 22:00:00+00:00,4,9.05645530852296
2023-10-22 23:00:00+00:00,8,5.014929351001369
2023-10-23 00:00:00+00:00,6,5.173195034607348
2023-10-23 01:00:00+00:00,2,5.587618448589615
2023-10-23 03:00:00+00:00,3,4.283153161383033
2023-10-23 04:00:00+00:00,2,5.048523206859145
2023-10-23 05:00:00+00:00,2,3.5767680376043973
2023-10-23 06:00:00+00:00,16,6.176958534143679
2023-10-23 07:00:00+00:00,37,31.00695332298644
2023-10-23 08:00:00+00:00,92,54.01168969078465
2023-10-23 09:00:00+00:00,57,80.21855027543486
2023-10-23 10:00:00+00:00,40,52.766688311390595
2023-10-23 11:00:00+00:00,47,49.798326620031055
2023-10-23 12:00:00+00:00,68,62.803846305928126
2023-10-23 13:00:00+00:00,89,73.19266517526204
2023-10-23 14:00:00+00:00,56,89.97655967333888
2023-10-23 15:00:00+00:00,71,65.0174467877535
2023-10-23 16:00:00+00:00,94,74.18873089422337
2023-10-23 17:00:00+00:00,168,159.78684282917894
2023-10-23 18:00:00+00:00,176,176.04466214370564
2023-10-23 19:00:00+00:00,111,129.76772447446305
2023-10-23 20:00:00+00:00,47,74.67812396007062
2023-10-23 21:00:00+00:00,38,27.863348949556446
2023-10-23 22:00:00+00:00,11,22.755317454130655
2023-10-23 23:00:00+00:00,16,7.099063240307392
2023-10-24 00:00:00+00:00,3,7.948860231548749
2023-10-24 01:00:00+00:00,1,2.8091395985480516
2023-10-24 02:00:00+00:00,1,1.6760806208650978
2023-10-24 04:00:00+00:00,2,2.6873449149396897
2023-10-24 05:00:00+00:00,4,9.67602903013591
2023-10-24 06:00:00+00:00,28,18.41450100451867
2023-10-24 07:00:00+00:00,57,59.8180222475986
2023-10-24 08:00:00+00:00,95,100.89816837755782
2023-10-24 09:00:00+00:00,58,56.056383527917625
2023-10-24 10:00:00+00:00,43,46.492227390607994
2023-10-24 11:00:00+00:00,66,50.09922749985812
2023-10-24 12:00:00+00:00,78,72.76086737576914
2023-10-24 13:00:00+00:00,70,74.88540104795878
2023-10-24 14:00:00+00:00,102,77.83802078960646
2023-10-24 15:00:00+00:00,112,99.84704470930282
2023-10-24 16:00:00+00:00,107,118.27019311050616
2023-10-24 17:00:00+00:00,161,170.2135611137679
2023-10-24 18:00:00+00:00,185,166.8753230827175
2023-10-24 19:00:00+00:00,116,142.11982682767706
2023-10-24 20:00:00+00:00,75,75.41340538058977
2023-10-24 21:00:00+00:00,36,44.01452865731283
2023-10-24 22:00:00+00:00,17,25.24369477890072
2023-10-24 23:00:00+00:00,8,11.621220821137872
2023-10-25 00:00:00+00:00,8,3.8858690455519236
2023-10-25 02:00:00+00:00,1,3.366400755933643
2023-10-25 03:00:00+00:00,1,2.6074396884987987
2023-10-25 04:00:00+00:00,1,2.4796397864458544
2023-10-25 05:00:00+00:00,6,6.270446559949898
2023-10-25 06:00:00+00:00,26,18.464318786814182
2023-10-25 07:00:00+00:00,48,56.67669101726375
2023-10-25 08:00:00+00:00,117,96.76800565588577
2023-10-25 09:00:00+00:00,83,75.60196777900711
2023-10-25 10:00:00+00:00,56,56.098270670454205
2023-10-25 11:00:00+00:00,65,56.596554383781196
2023-10-25 12:00:00+00:00,63,71.35679416997945
2023-10-25 13:00:00+00:00,76,62.41159503429317
2023-10-25 14:00:00+00:00,89,86.3001310388333
2023-10-25 15:00:00+00:00,112,92.60287776616167
2023-10-25 16:00:00+00:00,99,112.68851209862294
2023-10-25 17:00:00+00:00,188,178.70134449674185
2023-10-25 18:00:00+00:00,218,219.47037653983915
2023-10-25 19:00:00+00:00,112,148.49608133695176
2023-10-25 20:00:00+00:00,75,71.53331136233848
2023-10-25 21:00:00+00:00,49,43.96413159553069
2023-10-25 22:00:00+00:00,18,31.11953753028653
2023-10-25 23:00:00+00:00,19,11.829596089590972
2023-10-26 00:00:00+00:00,10,9.565503198273493
2023-10-26 01:00:00+00:00,3,4.4654502718252145
2023-10-26 02:00:00+00:00,1,2.998615269820329
2023-10-26 03:00:00+00:00,1,2.3972749255606063
2023-10-26 04:00:00+00:00,2,4.7976602742302505
2023-10-26 05:00:00+00:00,5,14.7697327223017
2023-10-26 06:00:00+00:00,15,22.769373197954145
2023-10-26 07:00:00+00:00,53,39.32672348431987
2023-10-26 08:00:00+00:00,115,96.47155372906693
2023-10-26 09:00:00+00:00,76,69.29240464851551
2023-10-26 10:00:00+00:00,56,63.540435360479265
2023-10-26 11:00:00+00:00,71,53.61616265387985
2023-10-26 12:00:00+00:00,90,81.15411306674902
2023-10-26 13:00:00+00:00,95,87.08118657060851
2023-10-26 14:00:00+00:00,83,98.56002793604593
2023-10-26 15:00:00+00:00,129,100.92972537453706
2023-10-26 16:00:00+00:00,119,126.40435284862556
2023-10-26 17:00:00+00:00,205,180.3721882129386
2023-10-26 18:00:00+00:00,184,193.512133145656
2023-10-26 19:00:00+00:00,140,123.02120316266648
2023-10-26 20:00:00+00:00,64,92.7566890652372
2023-10-26 21:00:00+00:00,34,38.75940256195264
2023-10-26 22:00:00+00:00,21,22.49505130713024
2023-10-26 23:00:00+00:00,15,14.80124080475383
2023-10-27 00:00:00+00:00,10,7.5432402926022375
2023-10-27 01:00:00+00:00,5,4.3858656342714175
2023-10-27 02:00:00+00:00,4,3.3342081211491124
2023-10-27 03:00:00+00:00,3,3.339895919151784
2023-10-27 04:00:00+00:00,1,4.408845186477257
2023-10-27 05:00:00+00:00,6,7.5706396073483075
2023-10-27 06:00:00+00:00,23,22.976145540698823
2023-10-27 07:00:00+00:00,50,54.87318834224862
2023-10-27 08:00:00+00:00,91,80.10834329548378
2023-10-27 09:00:00+00:00,52,67.33615839110054
2023-10-27 10:00:00+00:00,57,53.96845748638664
2023-10-27 11:00:00+00:00,60,61.96811644216713
2023-10-27 12:00:00+00:00,69,80.94727795916668
2023-10-27 13:00:00+00:00,108,73.5266066660655
2023-10-27 14:00:00+00:00,138,106.37597769606359
2023-10-27 15:00:00+00:00,141,135.6568119354023
2023-10-27 16:00:00+00:00,148,139.01917089806722
2023-10-27 17:00:00+00:00,201,170.37934490417746
2023-10-27 18:00:00+00:00,178,182.15747628366157
2023-10-27 19:00:00+00:00,89,115.09041211179256
2023-10-27 20:00:00+00:00,71,56.993857979610866
2023-10-27 21:00:00+00:00,52,34.46585963628706
2023-10-27 22:00:00+00:00,33,28.77366070055037
2023-10-27 23:00:00+00:00,21,23.422916381479514
2023-10-28 00:00:00+00:00,22,11.847176418982576
2023-10-28 01:00:00+00:00,18,14.756117646295756
2023-10-28 02:00:00+00:00,11,18.43874032158837
2023-10-28 03:00:00+00:00,5,8.866223210159886
2023-10-28 04:00:00+00:00,3,5.726725859024465
2023-10-28 05:00:00+00:00,5,9.947319369789223
2023-10-28 06:00:00+00:00,10,12.000914883636593
2023-10-28 07:00:00+00:00,20,25.822310661744346
2023-10-28 08:00:00+00:00,34,38.28065826913227
2023-10-28 09:00:00+00:00,77,49.079231741473016
2023-10-28 10:00:00+00:00,89,72.90971851314264
2023-10-28 11:00:00+00:00,133,104.524588377409
2023-10-28 12:00:00+00:00,147,135.97187698350626
2023-10-28 13:00:00+00:00,165,120.5186788937696
2023-10-28 14:00:00+00:00,159,142.77027881544615
2023-10-28 15:00:00+00:00,184,155.17036112693367
2023-10-28 16:00:00+00:00,174,166.94205319185664
2023-10-28 17:00:00+00:00,182,148.09684590568042
2023-10-28 18:00:00+00:00,129,143.87317685738415
2023-10-28 19:00:00+00:00,76,121.86274377670951
2023-10-28 20:00:00+00:00,56,43.388376971441424
2023-10-28 21:00:00+00:00,43,39.12328933419433
2023-10-28 22:00:00+00:00,31,25.913480309645458
2023-10-28 23:00:00+00:00,29,16.492041580709774
2023-10-29 00:00:00+00:00,19,13.906434798012851
2023-10-29 01:00:00+00:00,16,12.206225444042827
2023-10-29 02:00:00+00:00,4,8.760429378708853
2023-10-29 03:00:00+00:00,8,3.089725350684462
2023-10-29 04:00:00+00:00,2,4.188679182326798
2023-10-29 05:00:00+00:00,1,2.8213064330479565
2023-10-29 06:00:00+00:00,3,5.52363687654547
2023-10-29 07:00:00+00:00,10,3.728939472284183
2023-10-29 08:00:00+00:00,17,20.936367408420356
2023-10-29 09:00:00+00:00,13,39.25792551489933
2023-10-29 10:00:00+00:00,31,32.370087790057305
2023-10-29 11:00:00+00:00,25,35.991397562725666
2023-10-29 12:00:00+00:00,15,35.634279583061925
2023-10-29 13:00:00+00:00,10,24.229605937287307
2023-10-29 14:00:00+00:00,17,22.29913907084292
2023-10-29 15:00:00+00:00,22,25.453577894279857
2023-10-29 16:00:00+00:00,17,35.57126176080559
2023-10-29 17:00:00+00:00,48,23.197903042906486
2023-10-29 18:00:00+00:00,33,55.43656799358897
2023-10-29 19:00:00+00:00,24,37.99815178622612
2023-10-29 20:00:00+00:00,20,21.895403371896577
2023-10-29 21:00:00+00:00,7,14.469294231374489
2023-10-29 22:00:00+00:00,3,5.815094695016386
2023-10-29 23:00:00+00:00,4,3.728135410974354
2023-10-30 00:00:00+00:00,2,3.4361685183693025
2023-10-30 01:00:00+00:00,1,3.065880544836638
2023-10-30 06:00:00+00:00,1,2.6364418551921105
2023-10-30 07:00:00+00:00,27,3.759561656344435
2023-10-30 08:00:00+00:00,80,43.26973542449603
2023-10-30 09:00:00+00:00,39,93.77023887331346
2023-10-30 10:00:00+00:00,47,51.877088947740035
2023-10-30 11:00:00+00:00,42,32.60808002724035
2023-10-30 12:00:00+00:00,52,29.419397816199023
2023-10-30 13:00:00+00:00,47,38.51158540194762
2023-10-30 14:00:00+00:00,40,50.69131828234133
2023-10-30 15:00:00+00:00,65,40.52825161422937
2023-10-30 16:00:00+00:00,70,64.35800633602476
2023-10-30 17:00:00+00:00,100,98.92218024345001
2023-10-30 18:00:00+00:00,120,105.83244103375672
2023-10-30 19:00:00+00:00,77,96.97432917377192
2023-10-30 20:00:00+00:00,58,47.027677322509106
2023-10-30 21:00:00+00:00,26,33.79752296295859
2023-10-30 22:00:00+00:00,14,16.830310913875675
2023-10-30 23:00:00+00:00,7,9.223745900437356
2023-10-31 00:00:00+00:00,1,4.132278572643081
2023-10-31 01:00:00+00:00,1,2.262238571736338
2023-10-31 02:00:00+00:00,3,2.262238571736338
2023-10-31 03:00:00+00:00,1,6.971885541205169
2023-10-31 04:00:00+00:00,1,4.611083060671341
2023-10-31 05:00:00+00:00,7,7.32106637778632
2023-10-31 06:00:00+00:00,19,19.697509741927725
2023-10-31 07:00:00+00:00,56,39.659277733300826
2023-10-31 08:00:00+00:00,106,71.79171938023373
2023-10-31 09:00:00+00:00,62,68.66873705227147
2023-10-31 10:00:00+00:00,54,53.59126856432774
2023-10-31 11:00:00+00:00,48,53.35487802160289
2023-10-31 12:00:00+00:00,65,60.8503479373633
2023-10-31 13:00:00+00:00,67,65.19117877673219
2023-10-31 14:00:00+00:00,101,74.19820644089141
2023-10-31 15:00:00+00:00,97,98.03836917634128
2023-10-31 16:00:00+00:00,97,102.68138621223528
2023-10-31 17:00:00+00:00,157,141.18464609657724
2023-10-31 18:00:00+00:00,142,175.11598980370988
2023-10-31 19:00:00+00:00,89,109.51320597960316
2023-10-31 20:00:00+00:00,69,58.59688128569707
2023-10-31 21:00:00+00:00,27,37.20369056537525
2023-10-31 22:00:00+00:00,20,15.557805268333547
2023-10-31 23:00:00+00:00,10,10.900395345591567
2023-11-01 00:00:00+00:00,2,5.881838840381038
2023-11-01 01:00:00+00:00,2,2.768639950697922
2023-11-01 02:00:00+00:00,6,2.3865339602320206
2023-11-01 03:00:00+00:00,1,6.899017038784211
2023-11-01 04:00:00+00:00,1,4.247878653201451
2023-11-01 05:00:00+00:00,4,8.84723989602544
2023-11-01 06:00:00+00:00,19,10.815953368505609
2023-11-01 07:00:00+00:00,35,40.667073800142134
2023-11-01 08:00:00+00:00,71,58.34693810902486
2023-11-01 09:00:00+00:00,78,64.99802114336798
2023-11-01 10:00:00+00:00,43,73.11164058532817
2023-11-01 11:00:00+00:00,34,53.334240262403405
2023-11-01 12:00:00+00:00,50,52.436365194259224
2023-11-01 13:00:00+00:00,70,57.877725880409635
2023-11-01 14:00:00+00:00,70,71.59931250110319
2023-11-01 15:00:00+00:00,68,79.66475046794663
2023-11-01 16:00:00+00:00,74,74.02716427004009
2023-11-01 17:00:00+00:00,149,115.48938294478776
2023-11-01 18:00:00+00:00,142,164.17142687562063
2023-11-01 19:00:00+00:00,102,115.17822980774942
2023-11-01 20:00:00+00:00,45,71.86406416213646
2023-11-01 21:00:00+00:00,22,28.13406725320577
2023-11-01 22:00:00+00:00,18,13.140176938498769
2023-11-01 23:00:00+00:00,7,10.396437851027288
2023-11-02 03:00:00+00:00,3,4.506263308588141
2023-11-02 05:00:00+00:00,4,3.0549465787144445
2023-11-02 06:00:00+00:00,24,3.6751265899574768
2023-11-02 07:00:00+00:00,41,38.63150910584422
2023-11-02 08:00:00+00:00,94,72.937847545678
2023-11-02 09:00:00+00:00,68,54.82060461732302
2023-11-02 10:00:00+00:00,52,47.24258541733091
2023-11-02 11:00:00+00:00,52,40.982887953301805
2023-11-02 12:00:00+00:00,59,52.69213479473539
2023-11-02 13:00:00+00:00,44,53.7592488282047
2023-11-02 14:00:00+00:00,75,51.72776316520882
2023-11-02 15:00:00+00:00,80,71.07427460494455
2023-11-02 16:00:00+00:00,92,77.6845023894769
2023-11-02 17:00:00+00:00,148,145.61201306766455
2023-11-02 18:00:00+00:00,138,164.39029639718956
2023-11-02 19:00:00+00:00,93,117.72663556933676
2023-11-02 20:00:00+00:00,47,73.1741080343215
2023-11-02 21:00:00+00:00,26,34.85721552846891
2023-11-02 22:00:00+00:00,17,13.842373792311061
2023-11-02 23:00:00+00:00,4,12.456387452205615
2023-11-03 00:00:00+00:00,7,6.201382615919931
2023-11-03 01:00:00+00:00,6,4.1712096544218324
2023-11-03 02:00:00+00:00,2,6.832746645211703
2023-11-03 04:00:00+00:00,3,4.202412090907313
2023-11-03 05:00:00+00:00,3,7.085248658416378
2023-11-03 06:00:00+00:00,12,7.270290857760713
2023-11-03 07:00:00+00:00,38,29.09301877310533
2023-11-03 08:00:00+00:00,80,58.81596777532648
2023-11-03 09:00:00+00:00,63,67.01296539927341
2023-11-03 10:00:00+00:00,60,60.44253623949345
2023-11-03 11:00:00+00:00,76,60.02654047279946
2023-11-03 12:00:00+00:00,80,73.64550944581882
2023-11-03 13:00:00+00:00,118,81.10625104923562
2023-11-03 14:00:00+00:00,112,114.63867434364508
2023-11-03 15:00:00+00:00,135,108.14700778393954
2023-11-03 16:00:00+00:00,155,124.5646324614686
2023-11-03 17:00:00+00:00,192,163.60673382268823
2023-11-03 18:00:00+00:00,159,187.3532671548789
2023-11-03 19:00:00+00:00,101,150.62054432766686
2023-11-03 20:00:00+00:00,43,62.15149416647145
2023-11-03 21:00:00+00:00,44,25.063747263195843
2023-11-03 22:00:00+00:00,28,25.88583683014504
2023-11-03 23:00:00+00:00,22,12.888284061528644
2023-11-04 00:00:00+00:00,11,11.514092683995774
2023-11-04 01:00:00+00:00,7,5.111994878110353
2023-11-04 02:00:00+00:00,7,4.5756744042250395
2023-11-04 03:00:00+00:00,4,4.281706654458244
2023-11-04 04:00:00+00:00,1,5.165714225511244
2023-11-04 06:00:00+00:00,2,4.895873502631016
2023-11-04 07:00:00+00:00,24,7.151641574225575
2023-11-04 08:00:00+00:00,48,54.95845594285631
2023-11-04 09:00:00+00:00,67,82.1148261595912
2023-11-04 10:00:00+00:00,103,59.59968386401302
2023-11-04 11:00:00+00:00,141,80.44564095355067
2023-11-04 12:00:00+00:00,134,124.73499453046936
2023-11-04 13:00:00+00:00,156,125.21113264880603
2023-11-04 14:00:00+00:00,158,151.6059859940725
2023-11-04 15:00:00+00:00,138,149.86628185427284
2023-11-04 16:00:00+00:00,165,130.58986870932284
2023-11-04 17:00:00+00:00,147,143.3415709455668
2023-11-04 18:00:00+00:00,112,120.94614888859232
2023-11-04 19:00:00+00:00,73,118.46719564621775
2023-11-04 20:00:00+00:00,54,42.13035186286668
2023-11-04 21:00:00+00:00,45,35.366049218422084
2023-11-04 22:00:00+00:00,29,32.60114475872108
2023-11-04 23:00:00+00:00,26,15.115412082467007
2023-11-05 00:00:00+00:00,14,15.898376197332764
2023-11-05 01:00:00+00:00,19,10.512657274176693
2023-11-05 02:00:00+00:00,4,12.288959045772208
2023-11-05 03:00:00+00:00,1,3.384159076736
2023-11-05 04:00:00+00:00,2,0.8123863640270682
2023-11-05 05:00:00+00:00,4,4.660833641963578
2023-11-05 06:00:00+00:00,9,12.86300562934076
2023-11-05 07:00:00+00:00,17,25.28647044601754
2023-11-05 08:00:00+00:00,31,39.15538422965369
2023-11-05 09:00:00+00:00,42,51.31344855700077
2023-11-05 10:00:00+00:00,91,55.67573135817877
2023-11-05 11:00:00+00:00,97,90.98798460039201
2023-11-05 12:00:00+00:00,159,109.10403804155733
2023-11-05 13:00:00+00:00,142,142.90013805986268
2023-11-05 14:00:00+00:00,132,142.15177155382554
2023-11-05 15:00:00+00:00,141,144.1218765211459
2023-11-05 16:00:00+00:00,142,133.33694468185195
2023-11-05 17:00:00+00:00,125,123.19697370179406
2023-11-05 18:00:00+00:00,77,92.93402973000913
2023-11-05 19:00:00+00:00,51,56.55658424153569
2023-11-05 20:00:00+00:00,46,38.872835027200836
2023-11-05 21:00:00+00:00,14,35.03839922081659
2023-11-05 22:00:00+00:00,11,15.738895455171386
2023-11-05 23:00:00+00:00,7,7.048891292301232
2023-11-06 00:00:00+00:00,5,4.889966558793915
2023-11-06 01:00:00+00:00,4,3.2366139123806765
2023-11-06 02:00:00+00:00,1,2.4509744981500727
2023-11-06 03:00:00+00:00,1,2.2032366791275293
2023-11-06 04:00:00+00:00,2,2.2236808332657043
2023-11-06 05:00:00+00:00,5,9.067078944967946
2023-11-06 06:00:00+00:00,16,18.44787180115646
2023-11-06 07:00:00+00:00,18,32.46136123408176
2023-11-06 08:00:00+00:00,44,35.976972258202075
2023-11-06 09:00:00+00:00,30,52.79861116256593
2023-11-06 10:00:00+00:00,23,36.07298987513037
2023-11-06 11:00:00+00:00,42,34.187049825656246
2023-11-06 12:00:00+00:00,40,48.26633568194292
2023-11-06 13:00:00+00:00,35,51.606277306724024
2023-11-06 14:00:00+00:00,45,44.45132105234902
2023-11-06 15:00:00+00:00,29,56.093187510018446
2023-11-06 16:00:00+00:00,40,32.24888282858939
2023-11-06 17:00:00+00:00,67,36.06807521706594
2023-11-06 18:00:00+00:00,66,56.09423855326677
2023-11-06 19:00:00+00:00,38,45.364807032084464
2023-11-06 20:00:00+00:00,16,27.08753288096743
2023-11-06 21:00:00+00:00,9,9.76846615252741
2023-11-06 22:00:00+00:00,4,5.334094754335283
2023-11-06 23:00:00+00:00,2,3.9028224166192453
2023-11-07 00:00:00+00:00,1,2.5894428550419484
2023-11-07 01:00:00+00:00,2,2.3564982222624056
2023-11-07 02:00:00+00:00,1,4.232490788869637
2023-11-07 05:00:00+00:00,3,5.24257361862913
2023-11-07 06:00:00+00:00,14,9.670234158904602
2023-11-07 07:00:00+00:00,13,32.699936701854476
2023-11-07 08:00:00+00:00,44,31.166609883024947
2023-11-07 09:00:00+00:00,44,41.597347789006314
2023-11-07 10:00:00+00:00,36,39.85961599813028
2023-11-07 11:00:00+00:00,68,39.48306508922681
2023-11-07 12:00:00+00:00,67,59.44887173398831
2023-11-07 13:00:00+00:00,62,66.7074512064161
2023-11-07 14:00:00+00:00,82,63.817269191095505
2023-11-07 15:00:00+00:00,84,84.05825991867
2023-11-07 16:00:00+00:00,44,80.03961112677635
2023-11-07 17:00:00+00:00,37,49.2658414599137
2023-11-07 18:00:00+00:00,45,26.56646667712331
2023-11-07 19:00:00+00:00,53,31.79021108304211
2023-11-07 20:00:00+00:00,66,40.23877305942017
2023-11-07 21:00:00+00:00,28,39.698758366242984
2023-11-07 22:00:00+00:00,10,18.15069403532342
2023-11-07 23:00:00+00:00,8,7.385933593691657
2023-11-08 00:00:00+00:00,4,4.398917787796271
2023-11-08 01:00:00+00:00,1,3.2953816600990358
2023-11-08 02:00:00+00:00,1,2.415523288777225
2023-11-08 04:00:00+00:00,1,2.2444035110487555
2023-11-08 05:00:00+00:00,4,3.507650414857646
2023-11-08 06:00:00+00:00,17,13.535427288668926
2023-11-08 07:00:00+00:00,45,39.040871599000965
2023-11-08 08:00:00+00:00,76,69.18670292462612
2023-11-08 09:00:00+00:00,77,55.131414055054314
2023-11-08 10:00:00+00:00,36,56.187492477809265
2023-11-08 11:00:00+00:00,32,45.60934977642877
2023-11-08 12:00:00+00:00,53,40.279176211931926
2023-11-08 13:00:00+00:00,65,61.03551358133416
2023-11-08 14:00:00+00:00,69,67.533160666682
2023-11-08 15:00:00+00:00,69,69.59764632707079
2023-11-08 16:00:00+00:00,78,79.02573190738153
2023-11-08 17:00:00+00:00,140,104.05294785655765
2023-11-08 18:00:00+00:00,122,145.13129323700667
2023-11-08 19:00:00+00:00,57,81.4552547890394
2023-11-08 20:00:00+00:00,62,32.32963602119631
2023-11-08 21:00:00+00:00,29,33.28642503996049
2023-11-08 22:00:00+00:00,17,16.84324962102778
2023-11-08 23:00:00+00:00,6,10.527239320008636
2023-11-09 00:00:00+00:00,7,3.9863372054732
2023-11-09 01:00:00+00:00,2,4.096392179573398
2023-11-09 02:00:00+00:00,1,3.376394438513781
2023-11-09 03:00:00+00:00,1,2.3213560357757816
2023-11-09 04:00:00+00:00,1,3.8853449131590096
2023-11-09 05:00:00+00:00,3,6.949739964065283
2023-11-09 06:00:00+00:00,19,17.66678629665953
2023-11-09 07:00:00+00:00,61,39.83093472986709
2023-11-09 08:00:00+00:00,104,102.83330894604408
2023-11-09 09:00:00+00:00,83,67.70440285796509
2023-11-09 10:00:00+00:00,32,69.52703595895329
2023-11-09 11:00:00+00:00,47,36.70700420517579
2023-11-09 12:00:00+00:00,60,58.620738720864814
2023-11-09 13:00:00+00:00,77,62.29523431455095
2023-11-09 14:00:00+00:00,80,76.80590232106316
2023-11-09 15:00:00+00:00,94,89.40842654957451
2023-11-09 16:00:00+00:00,101,99.87363388109767
2023-11-09 17:00:00+00:00,139,163.22718611316893
2023-11-09 18:00:00+00:00,156,169.92637442180538
2023-11-09 19:00:00+00:00,85,115.9514119557952
2023-11-09 20:00:00+00:00,62,52.29588681582677
2023-11-09 21:00:00+00:00,35,34.459704022698894
2023-11-09 22:00:00+00:00,18,21.341570079328484
2023-11-09 23:00:00+00:00,13,10.826242714084577
2023-11-10 00:00:00+00:00,6,6.84577761071519
2023-11-10 01:00:00+00:00,4,3.3156651355243483
2023-11-10 02:00:00+00:00,5,2.7532485912987807
2023-11-10 04:00:00+00:00,1,4.232112067120892
2023-11-10 05:00:00+00:00,2,3.4646552864596614
2023-11-10 06:00:00+00:00,21,11.303984642247382
2023-11-10 07:00:00+00:00,42,45.530710225750546
2023-11-10 08:00:00+00:00,71,81.5805298621132
2023-11-10 09:00:00+00:00,55,61.01502704921343
2023-11-10 10:00:00+00:00,60,51.78096514353269
2023-11-10 11:00:00+00:00,64,59.928262499188605
2023-11-10 12:00:00+00:00,74,70.99480647380281
2023-11-10 13:00:00+00:00,76,81.06544673707197
2023-11-10 14:00:00+00:00,88,82.28954111733687
2023-11-10 15:00:00+00:00,86,94.909399374034
2023-11-10 16:00:00+00:00,99,97.28398909645212
2023-11-10 17:00:00+00:00,105,143.47732022356965
2023-11-10 18:00:00+00:00,115,110.86705088860707
2023-11-10 19:00:00+00:00,77,75.81667255645559
2023-11-10 20:00:00+00:00,27,52.764365559840456
2023-11-10 21:00:00+00:00,40,15.18207788165045
2023-11-10 22:00:00+00:00,26,23.69589822010778
2023-11-10 23:00:00+00:00,10,15.237183991976352
2023-11-11 00:00:00+00:00,13,6.715160014120196
2023-11-11 01:00:00+00:00,11,6.332429379724195
2023-11-11 02:00:00+00:00,6,5.301360252073904
2023-11-11 03:00:00+00:00,1,4.24927199676989
2023-11-11 05:00:00+00:00,1,4.296068836840752
2023-11-11 06:00:00+00:00,3,5.572357293540105
2023-11-11 07:00:00+00:00,9,12.30716730291724
2023-11-11 08:00:00+00:00,31,24.442673170153835
2023-11-11 09:00:00+00:00,57,49.556086426472916
2023-11-11 10:00:00+00:00,81,70.15635234044764
2023-11-11 11:00:00+00:00,90,91.80826951181568
2023-11-11 12:00:00+00:00,117,101.25876257061009
2023-11-11 13:00:00+00:00,112,115.26969236638458
2023-11-11 14:00:00+00:00,127,115.03842295292894
2023-11-11 15:00:00+00:00,81,118.85115475058892
2023-11-11 16:00:00+00:00,116,94.42236075069081
2023-11-11 17:00:00+00:00,88,109.31694876429498
2023-11-11 18:00:00+00:00,56,73.00106879176657
2023-11-11 19:00:00+00:00,42,56.00073551196752
2023-11-11 20:00:00+00:00,28,30.29659790998101
2023-11-11 21:00:00+00:00,19,17.835478270583284
2023-11-11 22:00:00+00:00,16,14.234327583461543
2023-11-11 23:00:00+00:00,14,11.60192853947765
2023-11-12 00:00:00+00:00,14,9.827522161428654
2023-11-12 01:00:00+00:00,5,8.03448762047451
2023-11-12 02:00:00+00:00,4,3.214363306767006
2023-11-12 03:00:00+00:00,4,3.2794515718472033
2023-11-12 04:00:00+00:00,1,5.415055164601172
2023-11-12 05:00:00+00:00,1,3.3790440716777055
2023-11-12 06:00:00+00:00,1,6.592480200904273
2023-11-12 07:00:00+00:00,11,10.04090601346025
2023-11-12 08:00:00+00:00,22,24.19761687564105
2023-11-12 09:00:00+00:00,24,38.518419607302576
2023-11-12 10:00:00+00:00,52,45.37449981050519
2023-11-12 11:00:00+00:00,68,57.45654127889097
2023-11-12 12:00:00+00:00,79,71.94687483672114
2023-11-12 13:00:00+00:00,86,82.54248889854271
2023-11-12 14:00:00+00:00,78,91.46651644258255
2023-11-12 15:00:00+00:00,77,82.64842845869038
2023-11-12 16:00:00+00:00,70,81.7513007446391
2023-11-12 17:00:00+00:00,70,73.00591030498258
2023-11-12 18:00:00+00:00,57,66.14038553662301
2023-11-12 19:00:00+00:00,40,50.36409660262992
2023-11-12 20:00:00+00:00,22,27.10466145625638
2023-11-12 21:00:00+00:00,13,14.413885024828685
2023-11-12 22:00:00+00:00,10,7.837094145961613
2023-11-12 23:00:00+00:00,7,6.030684181262872
2023-11-13 05:00:00+00:00,4,4.174558910570329
2023-11-13 06:00:00+00:00,18,3.1625851608218074
2023-11-13 07:00:00+00:00,28,11.698765201505578
2023-11-13 08:00:00+00:00,104,38.32163728815356
2023-11-13 09:00:00+00:00,68,58.74139942306656
2023-11-13 10:00:00+00:00,29,39.474369126722955
2023-11-13 11:00:00+00:00,38,37.26351241823643
2023-11-13 12:00:00+00:00,53,41.394486954976315
2023-11-13 13:00:00+00:00,61,52.36749170924441
2023-11-13 14:00:00+00:00,55,63.60184930673739
2023-11-13 15:00:00+00:00,72,61.510354071754435
2023-11-13 16:00:00+00:00,88,79.28708867331135
2023-11-13 17:00:00+00:00,113,130.9373717527504
2023-11-13 18:00:00+00:00,121,127.3760428472039
2023-11-13 19:00:00+00:00,61,87.16296362348231
2023-11-13 20:00:00+00:00,46,39.77709894999465
2023-11-13 21:00:00+00:00,19,31.745948007480646
2023-11-13 22:00:00+00:00,18,12.239210962708654
2023-11-13 23:00:00+00:00,9,12.080893813996898
2023-11-14 00:00:00+00:00,2,7.463533137255116
2023-11-14 02:00:00+00:00,1,3.4746174222312125
2023-11-14 03:00:00+00:00,1,1.7540470387028888
2023-11-14 04:00:00+00:00,3,2.6489830892732256
2023-11-14 05:00:00+00:00,4,11.558183421501713
2023-11-14 06:00:00+00:00,19,13.533694797606726
2023-11-14 07:00:00+00:00,57,42.290429907711015
2023-11-14 08:00:00+00:00,110,87.4121408957578
2023-11-14 09:00:00+00:00,64,67.15447631929072
2023-11-14 10:00:00+00:00,53,50.990770819281735
2023-11-14 11:00:00+00:00,52,60.62701335745022
2023-11-14 12:00:00+00:00,48,59.90392632727862
2023-11-14 13:00:00+00:00,76,66.60323682106832
2023-11-14 14:00:00+00:00,66,69.54655913112451
2023-11-14 15:00:00+00:00,73,77.77665430394481
2023-11-14 16:00:00+00:00,90,90.77865608720546
2023-11-14 17:00:00+00:00,127,163.4296444178392
2023-11-14 18:00:00+00:00,117,138.5667019089465
2023-11-14 19:00:00+00:00,78,76.36541026033818
2023-11-14 20:00:00+00:00,45,46.53802478321282
2023-11-14 21:00:00+00:00,16,26.35164340707078
2023-11-14 22:00:00+00:00,6,11.275743798036597
2023-11-14 23:00:00+00:00,10,4.146956260688142
2023-11-15 00:00:00+00:00,2,5.515147178877704
2023-11-15 01:00:00+00:00,1,2.6015508778721492
2023-11-15 02:00:00+00:00,2,1.9865441999545435
2023-11-15 04:00:00+00:00,1,3.4755408401983234
2023-11-15 05:00:00+00:00,2,3.9441297020230053
2023-11-15 06:00:00+00:00,17,10.245459620165219
2023-11-15 07:00:00+00:00,50,43.39748828924056
2023-11-15 08:00:00+00:00,109,82.60743104184112
2023-11-15 09:00:00+00:00,76,69.63816860611867
2023-11-15 10:00:00+00:00,37,58.46343894657598
2023-11-15 11:00:00+00:00,49,44.787640032065845
2023-11-15 12:00:00+00:00,57,59.787863085607064
2023-11-15 13:00:00+00:00,55,72.55486845426456
2023-11-15 14:00:00+00:00,78,66.06787175242674
2023-11-15 15:00:00+00:00,80,87.91538722430369
2023-11-15 16:00:00+00:00,93,97.66068424717858
2023-11-15 17:00:00+00:00,132,150.73418080216172
2023-11-15 18:00:00+00:00,128,148.9904047445074
2023-11-15 19:00:00+00:00,73,90.11711934601271
2023-11-15 20:00:00+00:00,42,46.245274628017036
2023-11-15 21:00:00+00:00,28,24.269571699053355
2023-11-15 22:00:00+00:00,17,16.315561669581967
2023-11-15 23:00:00+00:00,11,10.854522223217566
2023-11-16 00:00:00+00:00,6,5.9762513842470195
2023-11-16 01:00:00+00:00,3,3.6354235369690238
2023-11-16 02:00:00+00:00,1,2.645610009191418
2023-11-16 04:00:00+00:00,2,2.4127775342112554
2023-11-16 05:00:00+00:00,4,4.401288486730578
2023-11-16 06:00:00+00:00,20,14.246239312879569
2023-11-16 07:00:00+00:00,44,42.618130360009985
2023-11-16 08:00:00+00:00,100,76.49908269919104
2023-11-16 09:00:00+00:00,66,69.96063418908624
2023-11-16 10:00:00+00:00,48,48.19339261707247
2023-11-16 11:00:00+00:00,62,53.1155841261854
2023-11-16 12:00:00+00:00,59,68.71226813006926
2023-11-16 13:00:00+00:00,81,73.17278454240406
2023-11-16 14:00:00+00:00,97,84.00627748359292
2023-11-16 15:00:00+00:00,110,102.89260676386333
2023-11-16 16:00:00+00:00,116,108.92417628007016
2023-11-16 17:00:00+00:00,124,157.57811975415882
2023-11-16 18:00:00+00:00,142,125.06375413367525
2023-11-16 19:00:00+00:00,90,98.63197429598793
2023-11-16 20:00:00+00:00,48,56.59766778819454
2023-11-16 21:00:00+00:00,38,28.928993512865127
2023-11-16 22:00:00+00:00,22,23.590949016065878
2023-11-16 23:00:00+00:00,10,12.72671211265267
2023-11-17 00:00:00+00:00,8,5.925067251737039
2023-11-17 01:00:00+00:00,4,4.2969864058815075
2023-11-17 02:00:00+00:00,2,3.112559169843165
2023-11-17 04:00:00+00:00,1,3.4018392092574126
2023-11-17 05:00:00+00:00,5,4.0353834186397926
2023-11-17 06:00:00+00:00,20,14.137527778721628
2023-11-17 07:00:00+00:00,50,42.50964987592937
2023-11-17 08:00:00+00:00,97,80.08674572467235
2023-11-17 09:00:00+00:00,77,69.57512500773437
2023-11-17 10:00:00+00:00,59,62.21364504854436
2023-11-17 11:00:00+00:00,66,61.52851666231441
2023-11-17 12:00:00+00:00,90,76.85121353770467
2023-11-17 13:00:00+00:00,96,93.43845312425255
2023-11-17 14:00:00+00:00,79,95.92866839180064
2023-11-17 15:00:00+00:00,122,91.27081174792082
2023-11-17 16:00:00+00:00,142,103.68342641339683
2023-11-17 17:00:00+00:00,139,162.308049688549
2023-11-17 18:00:00+00:00,131,164.68999276845543
2023-11-17 19:00:00+00:00,92,99.1884564186871
2023-11-17 20:00:00+00:00,77,49.31231546611643
2023-11-17 21:00:00+00:00,44,38.35223913684235
2023-11-17 22:00:00+00:00,25,24.99147083749505
2023-11-17 23:00:00+00:00,19,17.390533736115636
2023-11-18 00:00:00+00:00,11,10.532112172206041
2023-11-18 01:00:00+00:00,13,5.566286939553292
2023-11-18 02:00:00+00:00,6,7.568304896887579
2023-11-18 03:00:00+00:00,5,5.4047566712450985
2023-11-18 04:00:00+00:00,1,5.270380776165937
2023-11-18 05:00:00+00:00,1,6.982634417131334
2023-11-18 06:00:00+00:00,4,7.483473443908302
2023-11-18 07:00:00+00:00,11,17.114939139504305
2023-11-18 08:00:00+00:00,33,26.960183087132222
2023-11-18 09:00:00+00:00,45,54.72919227556126
2023-11-18 10:00:00+00:00,57,62.862734299380136
2023-11-18 11:00:00+00:00,63,67.2794982492201
2023-11-18 12:00:00+00:00,91,70.85989933837524
2023-11-18 13:00:00+00:00,99,94.06891997236382
2023-11-18 14:00:00+00:00,97,102.71265298692381
2023-11-18 15:00:00+00:00,84,109.12880568488795
2023-11-18 16:00:00+00:00,86,94.0116072224584
2023-11-18 17:00:00+00:00,85,96.75256980708602
2023-11-18 18:00:00+00:00,51,86.27823416380274
2023-11-18 19:00:00+00:00,36,41.252721613229454
2023-11-18 20:00:00+00:00,31,29.261742743082138
2023-11-18 21:00:00+00:00,28,19.593712264748284
2023-11-18 22:00:00+00:00,18,17.425118816753137
2023-11-18 23:00:00+00:00,19,12.408202983795366
2023-11-19 00:00:00+00:00,6,11.814952234560897
2023-11-19 01:00:00+00:00,3,3.970070015764383
2023-11-19 02:00:00+00:00,8,3.0657243553278613
2023-11-19 03:00:00+00:00,3,5.649582036380265
2023-11-19 04:00:00+00:00,5,3.7428378104357103
2023-11-19 06:00:00+00:00,2,8.49756620481498
2023-11-19 07:00:00+00:00,11,5.882764669501049
2023-11-19 08:00:00+00:00,26,23.55084260604971
2023-11-19 09:00:00+00:00,24,48.36450867818421
2023-11-19 10:00:00+00:00,71,42.67768608366136
2023-11-19 11:00:00+00:00,73,81.23499054396854
2023-11-19 12:00:00+00:00,73,87.45365135381394
2023-11-19 13:00:00+00:00,77,86.17860513296625
2023-11-19 14:00:00+00:00,95,92.81682813899471
2023-11-19 15:00:00+00:00,88,103.19712417057995
2023-11-19 16:00:00+00:00,94,94.93449958601762
2023-11-19 17:00:00+00:00,57,92.67688137261938
2023-11-19 18:00:00+00:00,44,57.26232725233167
2023-11-19 19:00:00+00:00,42,37.27699537304978
2023-11-19 20:00:00+00:00,25,30.746090553646518
2023-11-19 21:00:00+00:00,9,16.63032142607164
2023-11-19 22:00:00+00:00,8,7.287847113839553
2023-11-19 23:00:00+00:00,6,4.908532544375359
2023-11-20 00:00:00+00:00,2,3.656759387597837
2023-11-20 01:00:00+00:00,2,2.951709751189639
2023-11-20 04:00:00+00:00,1,3.020367903675406
2023-11-20 05:00:00+00:00,3,2.409620709844601
2023-11-20 06:00:00+00:00,19,7.178851114113228
2023-11-20 07:00:00+00:00,42,38.65743721252749
2023-11-20 08:00:00+00:00,59,68.48548290431685
2023-11-20 09:00:00+00:00,51,55.330450256220466
2023-11-20 10:00:00+00:00,34,44.1851935512349
2023-11-20 11:00:00+00:00,51,45.394886965749116
2023-11-20 12:00:00+00:00,41,58.47282830044993
2023-11-20 13:00:00+00:00,60,52.0754153254203
2023-11-20 14:00:00+00:00,77,65.3908095254326
2023-11-20 15:00:00+00:00,100,78.19961227036912
2023-11-20 16:00:00+00:00,84,96.31270540234765
2023-11-20 17:00:00+00:00,98,112.33754647898654
2023-11-20 18:00:00+00:00,92,80.89260514842917
2023-11-20 19:00:00+00:00,63,55.707218541131404
2023-11-20 20:00:00+00:00,43,38.4971039036004
2023-11-20 21:00:00+00:00,19,25.532001199897582
2023-11-20 22:00:00+00:00,13,11.534802707885145
2023-11-20 23:00:00+00:00,5,6.662007197599558
2023-11-21 00:00:00+00:00,4,3.466712927198955
2023-11-21 03:00:00+00:00,1,3.2528811020894945
2023-11-21 05:00:00+00:00,4,2.262238571736338
2023-11-21 06:00:00+00:00,20,6.733261029177313
2023-11-21 07:00:00+00:00,32,42.80389000626776
2023-11-21 08:00:00+00:00,70,54.93915534909342
2023-11-21 09:00:00+00:00,63,47.38566675862165
2023-11-21 10:00:00+00:00,54,44.03325027405808
2023-11-21 11:00:00+00:00,39,45.18840901777675
2023-11-21 12:00:00+00:00,47,46.07971582112838
2023-11-21 13:00:00+00:00,42,56.86083976598375
2023-11-21 14:00:00+00:00,54,51.68940730422143
2023-11-21 15:00:00+00:00,23,61.71755304494184
2023-11-21 16:00:00+00:00,41,34.01136585383978
2023-11-21 17:00:00+00:00,47,71.60338423235102
2023-11-21 18:00:00+00:00,39,79.9780535549059
2023-11-21 19:00:00+00:00,18,50.44140753469395
2023-11-21 20:00:00+00:00,14,14.294053201154904
2023-11-21 21:00:00+00:00,3,11.135893334214286
2023-11-21 23:00:00+00:00,3,4.378276576233544
2023-11-22 00:00:00+00:00,3,3.670003617099382
2023-11-22 01:00:00+00:00,2,3.334800961327206
2023-11-22 04:00:00+00:00,1,4.2823449141726515
2023-11-22 05:00:00+00:00,2,4.565846194948701
2023-11-22 06:00:00+00:00,3,4.810938271362719
2023-11-22 07:00:00+00:00,13,11.33310964216155
2023-11-22 08:00:00+00:00,47,28.32136195463202
2023-11-22 09:00:00+00:00,49,69.54316124648244
2023-11-22 10:00:00+00:00,52,47.758135192763866
2023-11-22 11:00:00+00:00,62,47.540238994131435
2023-11-22 12:00:00+00:00,56,63.28347065925755
2023-11-22 13:00:00+00:00,63,57.3823036726531
2023-11-22 14:00:00+00:00,98,66.57837849520553
2023-11-22 15:00:00+00:00,121,95.28540408495371
2023-11-22 16:00:00+00:00,97,107.31779519868037
2023-11-22 17:00:00+00:00,82,93.33289971456304
2023-11-22 18:00:00+00:00,61,76.41265343543094
2023-11-22 19:00:00+00:00,52,49.48298719635893
2023-11-22 20:00:00+00:00,34,37.314413659412956
2023-11-22 21:00:00+00:00,19,20.86817644613541
2023-11-22 22:00:00+00:00,17,11.215864889998755
2023-11-22 23:00:00+00:00,21,9.97360174637793
2023-11-23 00:00:00+00:00,7,11.696843281068794
2023-11-23 01:00:00+00:00,4,4.600827792162901
2023-11-23 02:00:00+00:00,1,3.2936130245557944
2023-11-23 03:00:00+00:00,3,2.390971039598323
2023-11-23 04:00:00+00:00,2,5.352941276444777
2023-11-23 06:00:00+00:00,4,9.505384019134873
2023-11-23 07:00:00+00:00,9,14.619506393471505
2023-11-23 08:00:00+00:00,10,21.36616519094167
2023-11-23 09:00:00+00:00,15,25.14208634756912
2023-11-23 10:00:00+00:00,39,31.743429417789706
2023-11-23 11:00:00+00:00,35,52.27909675938913
2023-11-23 12:00:00+00:00,44,47.67548056576435
2023-11-23 13:00:00+00:00,57,49.48116681427255
2023-11-23 14:00:00+00:00,53,62.24766685311619
2023-11-23 15:00:00+00:00,34,66.02199417859447
2023-11-23 16:00:00+00:00,32,52.288561361719886
2023-11-23 17:00:00+00:00,12,32.123908240979056
2023-11-23 18:00:00+00:00,9,14.156264368524216
2023-11-23 19:00:00+00:00,16,10.705863140761117
2023-11-23 20:00:00+00:00,9,10.413148300114557
2023-11-23 21:00:00+00:00,3,6.287398354097835
2023-11-23 22:00:00+00:00,14,5.230549338632422
2023-11-23 23:00:00+00:00,6,8.322361567964485
2023-11-24 00:00:00+00:00,2,5.060325178988275
2023-11-24 01:00:00+00:00,2,4.370039042587451
2023-11-24 06:00:00+00:00,4,4.122897971859798
2023-11-24 07:00:00+00:00,7,4.516581101221371
2023-11-24 08:00:00+00:00,15,11.08386453332534
2023-11-24 09:00:00+00:00,27,26.18432664250709
2023-11-24 10:00:00+00:00,40,37.657285718324005
2023-11-24 11:00:00+00:00,32,38.26351383649062
2023-11-24 12:00:00+00:00,52,35.02857434301271
2023-11-24 13:00:00+00:00,42,55.41484108833304
2023-11-24 14:00:00+00:00,78,49.58371421848679
2023-11-24 15:00:00+00:00,67,67.37292507961716
2023-11-24 16:00:00+00:00,63,64.21644912916149
2023-11-24 17:00:00+00:00,43,65.16895274251088
2023-11-24 18:00:00+00:00,35,38.436565641426675
2023-11-24 19:00:00+00:00,20,27.685544148430594
2023-11-24 20:00:00+00:00,12,11.206733562447088
2023-11-24 21:00:00+00:00,11,6.87242992576221
2023-11-24 22:00:00+00:00,5,6.161844464151056
2023-11-24 23:00:00+00:00,1,3.4993258301231243
2023-11-25 00:00:00+00:00,1,3.04918556127685
2023-11-25 01:00:00+00:00,2,2.345867912264913
2023-11-25 04:00:00+00:00,1,6.932987215118975
2023-11-25 05:00:00+00:00,1,5.157549873679425
2023-11-25 06:00:00+00:00,2,3.7480516869925804
2023-11-25 07:00:00+00:00,5,7.146752032746886
2023-11-25 08:00:00+00:00,11,13.882250378911671
2023-11-25 09:00:00+00:00,22,22.751176589774275
2023-11-25 10:00:00+00:00,29,34.40840612427313
2023-11-25 11:00:00+00:00,46,40.074604566512505
2023-11-25 12:00:00+00:00,47,48.76240878327657
2023-11-25 13:00:00+00:00,55,57.91156144155795
2023-11-25 14:00:00+00:00,49,57.18928010699189
2023-11-25 15:00:00+00:00,54,56.3595994326355
2023-11-25 16:00:00+00:00,45,50.369950742452
2023-11-25 17:00:00+00:00,37,36.037941088151904
2023-11-25 18:00:00+00:00,32,25.721830967581496
2023-11-25 19:00:00+00:00,22,20.196278283013427
2023-11-25 20:00:00+00:00,18,13.527337862277639
2023-11-25 21:00:00+00:00,17,10.889149175271713
2023-11-25 22:00:00+00:00,8,10.612346683355169
2023-11-25 23:00:00+00:00,11,4.472439887383839
2023-11-26 00:00:00+00:00,7,5.238622716981435
2023-11-26 01:00:00+00:00,7,4.301395922509315
2023-11-26 02:00:00+00:00,3,4.32602155611631
2023-11-26 03:00:00+00:00,1,3.3702941660182293
2023-11-26 06:00:00+00:00,1,1.2730879564654187
2023-11-26 07:00:00+00:00,5,1.8953161995811676
2023-11-26 08:00:00+00:00,10,11.770790152984238
2023-11-26 09:00:00+00:00,21,23.138141214456923
2023-11-26 10:00:00+00:00,28,36.84003847328698
2023-11-26 11:00:00+00:00,48,42.64958391303197
2023-11-26 12:00:00+00:00,45,53.10840218722671
2023-11-26 13:00:00+00:00,58,52.255626031457986
2023-11-26 14:00:00+00:00,63,60.25937500746797
2023-11-26 15:00:00+00:00,29,68.79813453732233
2023-11-26 16:00:00+00:00,24,35.07844148016026
2023-11-26 17:00:00+00:00,17,23.506783076489164
2023-11-26 18:00:00+00:00,9,13.548532512431434
2023-11-26 19:00:00+00:00,16,8.942690363660583
2023-11-26 20:00:00+00:00,14,8.459875048614355
2023-11-26 21:00:00+00:00,5,8.421112605097269
2023-11-26 23:00:00+00:00,1,4.518508529477691
2023-11-27 00:00:00+00:00,3,2.7127212943716414
2023-11-27 01:00:00+00:00,2,4.0482653397716915
2023-11-27 02:00:00+00:00,3,6.175605484212068
2023-11-27 05:00:00+00:00,5,7.553267214713428
2023-11-27 06:00:00+00:00,11,8.529649224200583
2023-11-27 07:00:00+00:00,39,17.94485624901464
2023-11-27 08:00:00+00:00,77,56.80167681826238
2023-11-27 09:00:00+00:00,44,60.08320565990482
2023-11-27 10:00:00+00:00,45,44.06768290608904
2023-11-27 11:00:00+00:00,43,46.53010051728851
2023-11-27 12:00:00+00:00,73,50.81318923882546
2023-11-27 13:00:00+00:00,59,63.732184479147435
2023-11-27 14:00:00+00:00,61,63.91313530157756
2023-11-27 15:00:00+00:00,77,64.17469893366926
2023-11-27 16:00:00+00:00,84,74.14667189181385
2023-11-27 17:00:00+00:00,107,98.19613458337706
2023-11-27 18:00:00+00:00,101,97.87527290069707
2023-11-27 19:00:00+00:00,75,67.49768985535341
2023-11-27 20:00:00+00:00,54,49.053330354358124
2023-11-27 21:00:00+00:00,26,32.584438202225854
2023-11-27 22:00:00+00:00,14,14.39555270858506
2023-11-27 23:00:00+00:00,5,8.962862188126556
2023-11-28 00:00:00+00:00,4,3.466712927198955
2023-11-28 01:00:00+00:00,2,3.6888902127464918
2023-11-28 04:00:00+00:00,1,2.6338736064529944
2023-11-28 05:00:00+00:00,5,2.609813480151926
2023-11-28 06:00:00+00:00,20,9.457287976603697
2023-11-28 07:00:00+00:00,43,42.87535084815135
2023-11-28 08:00:00+00:00,72,77.6259614706563
2023-11-28 09:00:00+00:00,58,50.07866620615644
2023-11-28 10:00:00+00:00,34,46.410508392307065
2023-11-28 11:00:00+00:00,31,44.34664472052054
2023-11-28 12:00:00+00:00,40,39.410437437926554
2023-11-28 13:00:00+00:00,34,49.56008598522368
2023-11-28 14:00:00+00:00,48,47.69225176272585
2023-11-28 15:00:00+00:00,57,59.06165773917369
2023-11-28 16:00:00+00:00,51,76.61722934482198
2023-11-28 17:00:00+00:00,92,88.07108933383513
2023-11-28 18:00:00+00:00,87,106.91074300015849
2023-11-28 19:00:00+00:00,68,57.36890105971028
2023-11-28 20:00:00+00:00,40,36.0233240551905
2023-11-28 21:00:00+00:00,20,25.41200613541476
2023-11-28 22:00:00+00:00,17,11.21955558430517
2023-11-28 23:00:00+00:00,4,10.50290068483344
2023-11-29 00:00:00+00:00,1,3.6300282822281686
2023-11-29 04:00:00+00:00,1,2.2323873784140855
2023-11-29 05:00:00+00:00,6,2.262238571736338
2023-11-29 06:00:00+00:00,14,12.44178355126098
2023-11-29 07:00:00+00:00,37,36.63837656013739
2023-11-29 08:00:00+00:00,61,65.6546903197323
2023-11-29 09:00:00+00:00,50,41.69418403805924
2023-11-29 10:00:00+00:00,34,35.43128839541807
2023-11-29 11:00:00+00:00,34,36.65763240363565
2023-11-29 12:00:00+00:00,50,36.86406864356786
2023-11-29 13:00:00+00:00,39,50.53024111901423
2023-11-29 14:00:00+00:00,47,48.56191531965219
2023-11-29 15:00:00+00:00,59,52.9646840685619
2023-11-29 16:00:00+00:00,63,66.86164749385294
2023-11-29 17:00:00+00:00,84,87.20528610056465
2023-11-29 18:00:00+00:00,88,94.43827655061669
2023-11-29 19:00:00+00:00,60,67.50398658679715
2023-11-29 20:00:00+00:00,32,33.834197451218316
2023-11-29 21:00:00+00:00,22,20.319255571428535
2023-11-29 22:00:00+00:00,11,12.533762538622486
2023-11-29 23:00:00+00:00,8,6.106365277891117
2023-11-30 00:00:00+00:00,2,4.570114967039573
2023-11-30 02:00:00+00:00,1,2.8155509347886096
2023-11-30 05:00:00+00:00,3,2.262238571736338
2023-11-30 06:00:00+00:00,18,3.8620220987106078
2023-11-30 07:00:00+00:00,32,39.31144322534187
2023-11-30 08:00:00+00:00,66,54.186477676172544
2023-11-30 09:00:00+00:00,49,42.904036217977804
2023-11-30 10:00:00+00:00,41,34.28550801899249
2023-11-30 11:00:00+00:00,42,45.13761726077512
2023-11-30 12:00:00+00:00,54,43.61005482351281
2023-11-30 13:00:00+00:00,69,51.38012209302231
2023-11-30 14:00:00+00:00,81,68.82415384486505
2023-11-30 15:00:00+00:00,73,80.3620804118517
2023-11-30 16:00:00+00:00,92,78.30917248301517
2023-11-30 17:00:00+00:00,108,111.86538486380198
2023-11-30 18:00:00+00:00,100,116.82538693442022
2023-11-30 19:00:00+00:00,77,74.13646815942421
2023-11-30 20:00:00+00:00,44,41.95721162722924
2023-11-30 21:00:00+00:00,21,24.954654471248688
2023-11-30 22:00:00+00:00,17,13.69763191848606
2023-11-30 23:00:00+00:00,10,10.867714275756793
2023-12-01 00:00:00+00:00,4,6.847032908700669
2023-12-01 01:00:00+00:00,3,3.466712927198955
2023-12-01 02:00:00+00:00,1,2.9192814846019153
2023-12-01 04:00:00+00:00,1,2.2954018358621857
2023-12-01 05:00:00+00:00,4,4.068037686610645
2023-12-01 06:00:00+00:00,14,12.083684115718809
2023-12-01 07:00:00+00:00,32,38.30038775740464
2023-12-01 08:00:00+00:00,62,49.74111000535475
2023-12-01 09:00:00+00:00,44,53.7899635982098
2023-12-01 10:00:00+00:00,46,39.48552268289652
2023-12-01 11:00:00+00:00,49,52.35223626401571
2023-12-01 12:00:00+00:00,27,53.73044035994818
2023-12-01 13:00:00+00:00,41,35.58517742246197
2023-12-01 14:00:00+00:00,60,50.51580015374381
2023-12-01 15:00:00+00:00,68,65.49586435110736
2023-12-01 16:00:00+00:00,39,75.79192930823362
2023-12-01 17:00:00+00:00,26,66.61048063040703
2023-12-01 18:00:00+00:00,20,25.680995085330988
2023-12-01 19:00:00+00:00,14,12.22442790972748
2023-12-01 20:00:00+00:00,8,9.164921425035928
2023-12-01 21:00:00+00:00,11,5.227465652407359
2023-12-01 22:00:00+00:00,10,6.155064955356665
2023-12-01 23:00:00+00:00,10,5.737198873666732
2023-12-02 00:00:00+00:00,8,5.696364401042085
2023-12-02 01:00:00+00:00,6,4.6766975953914445
2023-12-02 02:00:00+00:00,5,4.032887217348441
2023-12-02 03:00:00+00:00,4,3.2642054431820884
2023-12-02 04:00:00+00:00,2,4.398690900452533
2023-12-02 05:00:00+00:00,4,5.906694859820105
2023-12-02 06:00:00+00:00,4,11.702062536191436
2023-12-02 07:00:00+00:00,6,10.99149116876802
2023-12-02 08:00:00+00:00,32,17.733593238788472
2023-12-02 09:00:00+00:00,43,42.53355072166905
2023-12-02 10:00:00+00:00,55,63.2117385133334
2023-12-02 11:00:00+00:00,89,57.500265843219594
2023-12-02 12:00:00+00:00,94,88.99051189580635
2023-12-02 13:00:00+00:00,107,90.5012636759028
2023-12-02 14:00:00+00:00,86,98.34028247466169
2023-12-02 15:00:00+00:00,109,75.82287801066956
2023-12-02 16:00:00+00:00,132,100.08845961635875
2023-12-02 17:00:00+00:00,75,106.79248176963921
2023-12-02 18:00:00+00:00,66,65.1057594476303
2023-12-02 19:00:00+00:00,56,54.59718351724164
2023-12-02 20:00:00+00:00,47,40.29474673126865
2023-12-02 21:00:00+00:00,21,30.378385364315825
2023-12-02 22:00:00+00:00,18,13.702415385353818
2023-12-02 23:00:00+00:00,23,11.38743110508403
2023-12-03 00:00:00+00:00,13,14.756760887563926
2023-12-03 01:00:00+00:00,9,7.675644845587238
2023-12-03 02:00:00+00:00,8,5.7946753078123905
2023-12-03 03:00:00+00:00,2,4.853935252188062
2023-12-03 04:00:00+00:00,1,4.1780141891601525
2023-12-03 05:00:00+00:00,2,2.1639187897051007
2023-12-03 07:00:00+00:00,1,5.0827133579257895
2023-12-03 08:00:00+00:00,7,9.063278480190133
2023-12-03 09:00:00+00:00,3,18.91613525953525
2023-12-03 10:00:00+00:00,7,14.932843592438687
2023-12-03 11:00:00+00:00,18,18.660146205498094
2023-12-03 12:00:00+00:00,21,25.493884242932594
2023-12-03 13:00:00+00:00,26,37.10748710874591
2023-12-03 14:00:00+00:00,19,36.994119369470965
2023-12-03 15:00:00+00:00,20,27.038317637360926
2023-12-03 16:00:00+00:00,23,25.33017103674266
2023-12-03 17:00:00+00:00,31,30.997499461871595
2023-12-03 18:00:00+00:00,37,30.979105036446402
2023-12-03 19:00:00+00:00,20,34.85320441233888
2023-12-03 20:00:00+00:00,9,18.45044775534705
2023-12-03 21:00:00+00:00,4,7.523722705170752
2023-12-03 22:00:00+00:00,10,5.311839740178265
2023-12-03 23:00:00+00:00,9,6.323678528098068
2023-12-04 00:00:00+00:00,4,10.222846687456968
2023-12-04 02:00:00+00:00,4,6.022231193977763
2023-12-04 04:00:00+00:00,1,4.164699515639248
2023-12-04 05:00:00+00:00,6,2.600048729259876
2023-12-04 06:00:00+00:00,10,7.6959824499210185
2023-12-04 07:00:00+00:00,34,21.73742589400789
2023-12-04 08:00:00+00:00,94,55.48253282629236
2023-12-04 09:00:00+00:00,55,84.54385927215779
2023-12-04 10:00:00+00:00,44,40.516700487479085
2023-12-04 11:00:00+00:00,50,44.28873060484217
2023-12-04 12:00:00+00:00,71,43.772954131171254
2023-12-04 13:00:00+00:00,73,61.78007678883145
2023-12-04 14:00:00+00:00,53,67.1248804269308
2023-12-04 15:00:00+00:00,76,55.23904359012161
2023-12-04 16:00:00+00:00,81,76.36265633836757
2023-12-04 17:00:00+00:00,125,112.21168876574076
2023-12-04 18:00:00+00:00,115,131.06573743668292
2023-12-04 19:00:00+00:00,76,81.98189596016078
2023-12-04 20:00:00+00:00,42,49.939119033949645
2023-12-04 21:00:00+00:00,18,27.022747297405708
2023-12-04 22:00:00+00:00,9,12.198510483469535
2023-12-04 23:00:00+00:00,6,6.267974340953218
2023-12-05 00:00:00+00:00,4,4.324900623003877
2023-12-05 01:00:00+00:00,2,3.2195842729969253
2023-12-05 04:00:00+00:00,2,3.469496673288165
2023-12-05 05:00:00+00:00,2,3.8005999598620916
2023-12-05 06:00:00+00:00,26,6.17508529590108
2023-12-05 07:00:00+00:00,31,49.74385500138663
2023-12-05 08:00:00+00:00,95,56.00977031542298
2023-12-05 09:00:00+00:00,53,59.74364608433353
2023-12-05 10:00:00+00:00,31,47.23764332048218
2023-12-05 11:00:00+00:00,42,36.98275852622981
2023-12-05 12:00:00+00:00,46,51.33462117635762
2023-12-05 13:00:00+00:00,46,54.45504995342233
2023-12-05 14:00:00+00:00,54,54.02846986136166
2023-12-05 15:00:00+00:00,75,59.94645241193177
2023-12-05 16:00:00+00:00,60,71.65153042165956
2023-12-05 17:00:00+00:00,103,120.26865320032631
2023-12-05 18:00:00+00:00,99,97.25483827283091
2023-12-05 19:00:00+00:00,77,70.8299729841842
2023-12-05 20:00:00+00:00,52,41.83460505585133
2023-12-05 21:00:00+00:00,23,28.430937487841653
2023-12-05 22:00:00+00:00,9,13.319495055129766
2023-12-05 23:00:00+00:00,11,5.336365196669428
2023-12-06 00:00:00+00:00,1,5.6925140054747105
2023-12-06 01:00:00+00:00,1,2.29813066576866
2023-12-06 05:00:00+00:00,1,2.1012573095728886
2023-12-06 06:00:00+00:00,14,3.4788834429494258
2023-12-06 07:00:00+00:00,32,35.61397855373513
2023-12-06 08:00:00+00:00,86,53.062116499557256
2023-12-06 09:00:00+00:00,55,58.63362663878841
2023-12-06 10:00:00+00:00,45,35.10656394982426
2023-12-06 11:00:00+00:00,41,43.39149077695284
2023-12-06 12:00:00+00:00,50,47.576169047948746
2023-12-06 13:00:00+00:00,40,53.4983308990487
2023-12-06 14:00:00+00:00,51,47.49097519087842
2023-12-06 15:00:00+00:00,54,55.36767953267471
2023-12-06 16:00:00+00:00,62,65.22077037351077
2023-12-06 17:00:00+00:00,75,115.10569668561762
2023-12-06 18:00:00+00:00,99,100.71361965630454
2023-12-06 19:00:00+00:00,69,79.40875503841654
2023-12-06 20:00:00+00:00,42,39.17330445278583
2023-12-06 21:00:00+00:00,17,25.346900785021866
2023-12-06 22:00:00+00:00,10,11.35122607151343
2023-12-06 23:00:00+00:00,8,6.043274013756275
2023-12-07 00:00:00+00:00,1,5.66798202866403
2023-12-07 01:00:00+00:00,4,2.4755997046048
2023-12-07 02:00:00+00:00,2,3.5916837041418233
2023-12-07 03:00:00+00:00,3,6.270075970989347
2023-12-07 05:00:00+00:00,3,8.38786075830183
2023-12-07 06:00:00+00:00,19,9.782926625080272
2023-12-07 07:00:00+00:00,38,41.33600880286575
2023-12-07 08:00:00+00:00,73,58.5061620585582
2023-12-07 09:00:00+00:00,40,50.35336264929353
2023-12-07 10:00:00+00:00,32,41.18526956155767
2023-12-07 11:00:00+00:00,36,34.35323272456507
2023-12-07 12:00:00+00:00,31,42.0472378701436
2023-12-07 13:00:00+00:00,40,36.65184089359436
2023-12-07 14:00:00+00:00,62,48.68105555709914
2023-12-07 15:00:00+00:00,64,64.01485405193816
2023-12-07 16:00:00+00:00,59,73.39793221400737
2023-12-07 17:00:00+00:00,74,100.71513057790796
2023-12-07 18:00:00+00:00,102,64.60843714943681
2023-12-07 19:00:00+00:00,73,64.82378281726453
2023-12-07 20:00:00+00:00,45,45.44210629540984
2023-12-07 21:00:00+00:00,25,25.26246178590348
2023-12-07 22:00:00+00:00,23,14.505896074158137
2023-12-07 23:00:00+00:00,7,13.216543671347457
2023-12-08 00:00:00+00:00,2,4.557496384942714
2023-12-08 01:00:00+00:00,5,2.6571763906084214
2023-12-08 02:00:00+00:00,1,3.467572860293503
2023-12-08 03:00:00+00:00,2,2.2002135950483503
2023-12-08 04:00:00+00:00,4,5.187295348255402
2023-12-08 05:00:00+00:00,1,12.049255117267666
2023-12-08 06:00:00+00:00,12,10.993111484601787
2023-12-08 07:00:00+00:00,24,25.17058220111808
2023-12-08 08:00:00+00:00,68,44.25161124618679
2023-12-08 09:00:00+00:00,37,51.37955376565508
2023-12-08 10:00:00+00:00,32,44.61678590569989
2023-12-08 11:00:00+00:00,41,37.7686478489829
2023-12-08 12:00:00+00:00,53,44.265619171393105
2023-12-08 13:00:00+00:00,53,58.358487202658964
2023-12-08 14:00:00+00:00,82,67.59211516009668
2023-12-08 15:00:00+00:00,76,85.8449021877974
2023-12-08 16:00:00+00:00,70,74.90637851155232
2023-12-08 17:00:00+00:00,74,84.06156950371904
2023-12-08 18:00:00+00:00,68,70.94381018887053
2023-12-08 19:00:00+00:00,40,47.765010262402214
2023-12-08 20:00:00+00:00,17,24.915471002529447
2023-12-08 21:00:00+00:00,27,10.978818451124344
2023-12-08 22:00:00+00:00,6,14.028477311209468
2023-12-08 23:00:00+00:00,14,5.517326609000301
2023-12-09 00:00:00+00:00,10,8.125465726451411
2023-12-09 01:00:00+00:00,2,7.80279296110764
2023-12-09 02:00:00+00:00,4,2.7794211969435625
2023-12-09 03:00:00+00:00,1,4.305342029993085
2023-12-09 04:00:00+00:00,2,3.2530504590498097
2023-12-09 06:00:00+00:00,3,6.09365117599335
2023-12-09 07:00:00+00:00,16,14.545478108966135
2023-12-09 08:00:00+00:00,27,30.29187912637381
2023-12-09 09:00:00+00:00,34,43.48002502268272
2023-12-09 10:00:00+00:00,54,50.42524146439616
2023-12-09 11:00:00+00:00,79,55.98378672189024
2023-12-09 12:00:00+00:00,94,87.68343380772279
2023-12-09 13:00:00+00:00,73,100.05236047505706
2023-12-09 14:00:00+00:00,95,73.37502846189489
2023-12-09 15:00:00+00:00,88,97.33581424759771
2023-12-09 16:00:00+00:00,112,85.18213763099172
2023-12-09 17:00:00+00:00,88,108.67045925255341
2023-12-09 18:00:00+00:00,55,72.31599394752969
2023-12-09 19:00:00+00:00,52,45.755122935267366
2023-12-09 20:00:00+00:00,35,37.56557189770233
2023-12-09 21:00:00+00:00,20,24.027477804606697
2023-12-09 22:00:00+00:00,13,11.480273807225357
2023-12-09 23:00:00+00:00,20,7.790266527605341
2023-12-10 00:00:00+00:00,10,11.032803471790228
2023-12-10 01:00:00+00:00,11,5.43827386366162
2023-12-10 02:00:00+00:00,4,5.426573136142753
2023-12-10 03:00:00+00:00,5,3.787459417751543
2023-12-10 04:00:00+00:00,2,3.9218069091648773
2023-12-10 06:00:00+00:00,6,3.275150070218789
2023-12-10 07:00:00+00:00,4,14.246053450680392
2023-12-10 08:00:00+00:00,20,8.711392309332142
2023-12-10 09:00:00+00:00,35,34.60446020065087
2023-12-10 10:00:00+00:00,41,52.874847615929404
2023-12-10 11:00:00+00:00,56,59.491948299777086
2023-12-10 12:00:00+00:00,38,61.043717690334084
2023-12-10 13:00:00+00:00,20,48.090682732989414
2023-12-10 14:00:00+00:00,11,26.177388599373746
2023-12-10 15:00:00+00:00,23,17.532015635615526
2023-12-10 16:00:00+00:00,13,28.373755169515835
2023-12-10 17:00:00+00:00,17,14.831522533936695
2023-12-10 18:00:00+00:00,30,14.964401164046569
2023-12-10 19:00:00+00:00,19,32.770517799821654
2023-12-10 20:00:00+00:00,6,16.589914626047992
2023-12-10 21:00:00+00:00,2,5.313936225694525
2023-12-10 22:00:00+00:00,2,3.664891452244549
2023-12-10 23:00:00+00:00,1,3.2926196930716096
2023-12-11 00:00:00+00:00,1,2.9635512205824384
2023-12-11 02:00:00+00:00,1,3.1152868615013443
2023-12-11 04:00:00+00:00,1,4.28549712399045
2023-12-11 06:00:00+00:00,6,4.082433587989608
2023-12-11 07:00:00+00:00,9,12.482940857392682
2023-12-11 08:00:00+00:00,30,22.25748263101967
2023-12-11 09:00:00+00:00,25,45.44845682405044
2023-12-11 10:00:00+00:00,30,35.135573156957975
2023-12-11 11:00:00+00:00,31,35.10007863120376
2023-12-11 12:00:00+00:00,30,28.1037924791618
2023-12-11 13:00:00+00:00,37,29.1480974257441
2023-12-11 14:00:00+00:00,56,42.08674668843409
2023-12-11 15:00:00+00:00,70,52.659240553044654
2023-12-11 16:00:00+00:00,52,69.73934074478065
2023-12-11 17:00:00+00:00,81,53.8371843074001
2023-12-11 18:00:00+00:00,66,81.1921835439894
2023-12-11 19:00:00+00:00,49,52.796001237785454
2023-12-11 20:00:00+00:00,36,35.295506773082906
2023-12-11 21:00:00+00:00,21,23.083109010395567
2023-12-11 22:00:00+00:00,12,12.570558988441585
2023-12-11 23:00:00+00:00,8,6.529012630247832
2023-12-12 00:00:00+00:00,7,4.405169650566606
2023-12-12 01:00:00+00:00,2,4.2695958030115655
2023-12-12 03:00:00+00:00,1,2.6571763906084214
2023-12-12 05:00:00+00:00,2,2.3348529697892917
2023-12-12 06:00:00+00:00,18,2.194203949765482
2023-12-12 07:00:00+00:00,38,38.64087228166295
2023-12-12 08:00:00+00:00,78,69.93323193861875
2023-12-12 09:00:00+00:00,53,40.53426873340373
2023-12-12 10:00:00+00:00,31,36.65358960019079
2023-12-12 11:00:00+00:00,31,32.45210478455734
2023-12-12 12:00:00+00:00,27,37.67999043165345
2023-12-12 13:00:00+00:00,61,36.35326144989115
2023-12-12 14:00:00+00:00,54,60.68958173888823
2023-12-12 15:00:00+00:00,70,63.49331968445236
2023-12-12 16:00:00+00:00,52,76.93339272206507
2023-12-12 17:00:00+00:00,99,96.5098243932544
2023-12-12 18:00:00+00:00,101,105.12241955562529
2023-12-12 19:00:00+00:00,53,74.28824855661152
2023-12-12 20:00:00+00:00,30,34.197679720022464
2023-12-12 21:00:00+00:00,30,17.16144268329183
2023-12-12 22:00:00+00:00,13,16.876717495040964
2023-12-12 23:00:00+00:00,7,7.854897660016449
2023-12-13 00:00:00+00:00,4,5.021885193739396
2023-12-13 01:00:00+00:00,4,3.2742140412772223
2023-12-13 03:00:00+00:00,1,3.3040652345994745
2023-12-13 05:00:00+00:00,3,3.0493776072373087
2023-12-13 06:00:00+00:00,13,7.219116044331504
2023-12-13 07:00:00+00:00,38,29.940472254821994
2023-12-13 08:00:00+00:00,76,64.08962849532843
2023-12-13 09:00:00+00:00,53,41.06803366056868
2023-12-13 10:00:00+00:00,34,37.12980237678936
2023-12-13 11:00:00+00:00,51,42.568134634692605
2023-12-13 12:00:00+00:00,46,51.594982395555014
2023-12-13 13:00:00+00:00,38,53.215959247457015
2023-12-13 14:00:00+00:00,64,49.62554193205613
2023-12-13 15:00:00+00:00,78,64.37630832388082
2023-12-13 16:00:00+00:00,67,78.26013165742886
2023-12-13 17:00:00+00:00,97,111.22780945837171
2023-12-13 18:00:00+00:00,77,93.58450492232438
2023-12-13 19:00:00+00:00,59,50.219248020722915
2023-12-13 20:00:00+00:00,43,38.178248909224294
2023-12-13 21:00:00+00:00,28,26.22179686167201
2023-12-13 22:00:00+00:00,13,16.622430348177744
2023-12-13 23:00:00+00:00,13,8.032509835055645
2023-12-14 00:00:00+00:00,7,6.546564921123267
2023-12-14 01:00:00+00:00,4,4.2590398721728775
2023-12-14 03:00:00+00:00,1,3.3040652345994745
2023-12-14 05:00:00+00:00,4,2.255771953616415
2023-12-14 06:00:00+00:00,13,5.717317351673943
2023-12-14 07:00:00+00:00,27,30.815160011841563
2023-12-14 08:00:00+00:00,72,45.3194434235724
2023-12-14 09:00:00+00:00,59,48.46407508721268
2023-12-14 10:00:00+00:00,28,48.14423413352337
2023-12-14 11:00:00+00:00,32,34.038266410059
2023-12-14 12:00:00+00:00,42,36.23363179992276
2023-12-14 13:00:00+00:00,53,50.24738588708309
2023-12-14 14:00:00+00:00,54,59.05676049206649
2023-12-14 15:00:00+00:00,65,64.24456657401794
2023-12-14 16:00:00+00:00,56,69.66570866406728
2023-12-14 17:00:00+00:00,86,105.71638757740423
2023-12-14 18:00:00+00:00,81,101.86309088497028
2023-12-14 19:00:00+00:00,57,60.2296119153261
2023-12-14 20:00:00+00:00,50,36.70068711526503
2023-12-14 21:00:00+00:00,27,27.87733198941357
2023-12-14 22:00:00+00:00,18,15.104456145718329
2023-12-14 23:00:00+00:00,15,11.445058195187364
2023-12-15 00:00:00+00:00,9,9.270578715444895
2023-12-15 01:00:00+00:00,4,5.534803584784312
2023-12-15 02:00:00+00:00,4,3.466712927198955
2023-12-15 04:00:00+00:00,1,4.13951215737339
2023-12-15 05:00:00+00:00,1,3.303613521051561
2023-12-15 06:00:00+00:00,10,5.781001319762131
2023-12-15 07:00:00+00:00,24,24.8135890026104
2023-12-15 08:00:00+00:00,70,45.77585526913032
2023-12-15 09:00:00+00:00,27,54.08149865049161
2023-12-15 10:00:00+00:00,38,34.13403723379936
2023-12-15 11:00:00+00:00,44,42.390156421831946
2023-12-15 12:00:00+00:00,55,50.802786912882866
2023-12-15 13:00:00+00:00,53,58.26012517418829
2023-12-15 14:00:00+00:00,61,63.1437143772862
2023-12-15 15:00:00+00:00,80,67.67878750384816
2023-12-15 16:00:00+00:00,78,90.92492985410678
2023-12-15 17:00:00+00:00,85,104.75647492712109
2023-12-15 18:00:00+00:00,86,80.45222828522199
2023-12-15 19:00:00+00:00,61,61.80293236411418
2023-12-15 20:00:00+00:00,33,40.07126453285456
2023-12-15 21:00:00+00:00,31,20.316767886984255
2023-12-15 22:00:00+00:00,19,19.366488013600463
2023-12-15 23:00:00+00:00,14,11.858852055528192
2023-12-16 00:00:00+00:00,11,8.346190492696254
2023-12-16 01:00:00+00:00,5,5.494024458361551
2023-12-16 02:00:00+00:00,4,3.466712927198955
2023-12-16 03:00:00+00:00,1,3.3920657799951597
2023-12-16 04:00:00+00:00,1,2.675905028800737
2023-12-16 05:00:00+00:00,1,5.178575490984548
2023-12-16 06:00:00+00:00,1,9.172306932686753
2023-12-16 07:00:00+00:00,10,9.883406791885825
2023-12-16 08:00:00+00:00,22,25.171612787763916
2023-12-16 09:00:00+00:00,53,38.47574455622464
2023-12-16 10:00:00+00:00,65,59.51409012770482
2023-12-16 11:00:00+00:00,79,72.14635001747995
2023-12-16 12:00:00+00:00,87,79.05067224146138
2023-12-16 13:00:00+00:00,106,96.53700897370544
2023-12-16 14:00:00+00:00,90,100.97722976723232
2023-12-16 15:00:00+00:00,102,106.72998075125828
2023-12-16 16:00:00+00:00,105,102.29473388866623
2023-12-16 17:00:00+00:00,68,84.94739063348432
2023-12-16 18:00:00+00:00,47,60.341121575902505
2023-12-16 19:00:00+00:00,45,39.12434266211994
2023-12-16 20:00:00+00:00,37,29.956256836218905
2023-12-16 21:00:00+00:00,23,23.948948991413168
2023-12-16 22:00:00+00:00,19,15.285250565015643
2023-12-16 23:00:00+00:00,20,10.898247841443634
2023-12-17 00:00:00+00:00,17,10.168923912254664
2023-12-17 01:00:00+00:00,8,10.792421860114409
2023-12-17 02:00:00+00:00,1,4.78768949302293
2023-12-17 04:00:00+00:00,2,2.446265560259742
2023-12-17 05:00:00+00:00,1,2.7907149270810057
2023-12-17 06:00:00+00:00,2,4.100381623115701
2023-12-17 07:00:00+00:00,3,5.224953429531846
2023-12-17 08:00:00+00:00,9,14.479440744583973
2023-12-17 09:00:00+00:00,22,22.768407247288525
2023-12-17 10:00:00+00:00,25,40.11343110998179
2023-12-17 11:00:00+00:00,44,42.08243934242855
2023-12-17 12:00:00+00:00,41,51.44489312846642
2023-12-17 13:00:00+00:00,35,50.06144496445264
2023-12-17 14:00:00+00:00,16,43.03921905735971
2023-12-17 15:00:00+00:00,35,22.206739853366383
2023-12-17 16:00:00+00:00,26,43.619514699250445
2023-12-17 17:00:00+00:00,38,32.6738617324424
2023-12-17 18:00:00+00:00,29,41.476931598578716
2023-12-17 19:00:00+00:00,17,30.96580248264937
2023-12-17 20:00:00+00:00,7,16.57497243605443
2023-12-17 21:00:00+00:00,2,6.527570962654899
2023-12-17 22:00:00+00:00,5,3.9668700010101734
2023-12-17 23:00:00+00:00,3,4.04151005506338
2023-12-18 00:00:00+00:00,3,3.616192755136058
2023-12-18 01:00:00+00:00,1,5.861999341030832
2023-12-18 05:00:00+00:00,2,3.697910754152786
2023-12-18 06:00:00+00:00,2,4.897387562529782
2023-12-18 07:00:00+00:00,5,6.67594881568937
2023-12-18 08:00:00+00:00,28,8.690381061669468
2023-12-18 09:00:00+00:00,33,44.13213275818541
2023-12-18 10:00:00+00:00,15,47.390378791036184
2023-12-18 11:00:00+00:00,14,19.324974381924314
2023-12-18 12:00:00+00:00,10,25.498416996499795
2023-12-18 13:00:00+00:00,14,15.67514583605018
2023-12-18 14:00:00+00:00,29,19.880371953204772
2023-12-18 15:00:00+00:00,57,30.50498287464379
2023-12-18 16:00:00+00:00,63,57.13659311099773
2023-12-18 17:00:00+00:00,66,65.87939858788968
2023-12-18 18:00:00+00:00,76,65.76388343518109
2023-12-18 19:00:00+00:00,54,68.60791055140245
2023-12-18 20:00:00+00:00,27,41.452751141168044
2023-12-18 21:00:00+00:00,18,14.491755776042112
2023-12-18 22:00:00+00:00,11,9.739631080317771
2023-12-18 23:00:00+00:00,4,5.036903798075313
2023-12-19 00:00:00+00:00,4,3.20342406175381
2023-12-19 01:00:00+00:00,3,3.343244760489267
2023-12-19 02:00:00+00:00,1,3.251438126078635
2023-12-19 05:00:00+00:00,3,2.463870197738015
2023-12-19 06:00:00+00:00,15,8.28720827139387
2023-12-19 07:00:00+00:00,21,31.098218810314574
2023-12-19 08:00:00+00:00,66,41.75605183068102
2023-12-19 09:00:00+00:00,42,43.98168715885613
2023-12-19 10:00:00+00:00,38,24.38020718856183
2023-12-19 11:00:00+00:00,33,28.62232729125914
2023-12-19 12:00:00+00:00,35,36.23764870206628
2023-12-19 13:00:00+00:00,40,40.805848468993624
2023-12-19 14:00:00+00:00,52,48.703055711592604
2023-12-19 15:00:00+00:00,54,54.326111502499465
2023-12-19 16:00:00+00:00,52,62.814989986194746
2023-12-19 17:00:00+00:00,84,76.0005982955294
2023-12-19 18:00:00+00:00,77,89.04400237244361
2023-12-19 19:00:00+00:00,40,53.17712500979854
2023-12-19 20:00:00+00:00,21,26.419573025136096
2023-12-19 21:00:00+00:00,16,12.369042902541647
2023-12-19 22:00:00+00:00,6,8.821615606433017
2023-12-19 23:00:00+00:00,9,4.1945479062612945
2023-12-20 00:00:00+00:00,1,5.2821827325606066
2023-12-20 01:00:00+00:00,2,2.268279472446408
2023-12-20 02:00:00+00:00,2,3.0187508105636924
2023-12-20 04:00:00+00:00,2,7.013528802811307
2023-12-20 05:00:00+00:00,6,6.336718001826359
2023-12-20 06:00:00+00:00,14,15.785991746765028
2023-12-20 07:00:00+00:00,18,31.868605400437353
2023-12-20 08:00:00+00:00,51,33.545620238540934
2023-12-20 09:00:00+00:00,43,43.025205471452274
2023-12-20 10:00:00+00:00,28,47.01832035404125
2023-12-20 11:00:00+00:00,25,35.02594890844816
2023-12-20 12:00:00+00:00,47,31.93442997038028
2023-12-20 13:00:00+00:00,69,51.6502907374738
2023-12-20 14:00:00+00:00,56,64.54277431216444
2023-12-20 15:00:00+00:00,65,61.69499672223008
2023-12-20 16:00:00+00:00,76,72.56311159531157
2023-12-20 17:00:00+00:00,69,78.52514610909888
2023-12-20 18:00:00+00:00,63,61.38546550083415
2023-12-20 19:00:00+00:00,36,49.91113716086194
2023-12-20 20:00:00+00:00,31,22.769180064908394
2023-12-20 21:00:00+00:00,11,18.17154942019562
2023-12-20 22:00:00+00:00,12,6.345215955490827
2023-12-20 23:00:00+00:00,10,6.414028030343817
2023-12-21 00:00:00+00:00,5,5.494024458361551
2023-12-21 03:00:00+00:00,1,3.4709860756182476
2023-12-21 05:00:00+00:00,1,2.2559867089660033
2023-12-21 06:00:00+00:00,12,2.446736211369242
2023-12-21 07:00:00+00:00,24,22.957038614434786
2023-12-21 08:00:00+00:00,48,48.626005898382935
2023-12-21 09:00:00+00:00,30,51.021119779312905
2023-12-21 10:00:00+00:00,29,26.734325185686277
2023-12-21 11:00:00+00:00,36,36.52035129716173
2023-12-21 12:00:00+00:00,47,41.52852788721282
2023-12-21 13:00:00+00:00,49,52.39669808844628
2023-12-21 14:00:00+00:00,47,57.154697997198035
2023-12-21 15:00:00+00:00,51,57.889272186540026
2023-12-21 16:00:00+00:00,61,53.8198573024656
2023-12-21 17:00:00+00:00,56,76.79471131296452
2023-12-21 18:00:00+00:00,49,48.08248630117034
2023-12-21 19:00:00+00:00,30,43.94853386692623
2023-12-21 20:00:00+00:00,26,18.84609137123888
2023-12-21 21:00:00+00:00,12,15.55181881729282
2023-12-21 22:00:00+00:00,11,7.39209344247137
2023-12-21 23:00:00+00:00,7,6.488262321629089
2023-12-22 00:00:00+00:00,4,5.137636477010898
2023-12-22 01:00:00+00:00,1,3.423703053462459
2023-12-22 03:00:00+00:00,1,2.3510236014072405
2023-12-22 04:00:00+00:00,1,2.425155927778879
2023-12-22 05:00:00+00:00,2,5.026337360195106
2023-12-22 06:00:00+00:00,8,10.45374420391094
2023-12-22 07:00:00+00:00,14,22.720157507770303
2023-12-22 08:00:00+00:00,26,31.814254728994467
2023-12-22 09:00:00+00:00,27,37.523499843283254
2023-12-22 10:00:00+00:00,28,32.92867842095519
2023-12-22 11:00:00+00:00,30,36.458030580812405
2023-12-22 12:00:00+00:00,37,35.75392004845611
2023-12-22 13:00:00+00:00,54,42.708158178137495
2023-12-22 14:00:00+00:00,46,56.93321285899344
2023-12-22 15:00:00+00:00,67,52.773382169757696
2023-12-22 16:00:00+00:00,70,57.920923776661496
2023-12-22 17:00:00+00:00,50,65.82566246310135
2023-12-22 18:00:00+00:00,41,42.23275170052086
2023-12-22 19:00:00+00:00,24,26.909512386902332
2023-12-22 20:00:00+00:00,18,14.464235960825969
2023-12-22 21:00:00+00:00,10,10.695726602367944
2023-12-22 22:00:00+00:00,7,6.034770610296925
2023-12-22 23:00:00+00:00,3,4.676108143070317
2023-12-23 00:00:00+00:00,5,2.928185279184648
2023-12-23 01:00:00+00:00,3,3.662831215876509
2023-12-23 02:00:00+00:00,3,3.829472775139597
2023-12-23 03:00:00+00:00,2,7.048733937405445
2023-12-23 04:00:00+00:00,4,5.595048899271905
2023-12-23 05:00:00+00:00,1,9.222991112783902
2023-12-23 06:00:00+00:00,1,6.701194230752365
2023-12-23 07:00:00+00:00,3,7.151444232843019
2023-12-23 08:00:00+00:00,12,10.94393841454094
2023-12-23 09:00:00+00:00,15,25.656785139134413
2023-12-23 10:00:00+00:00,45,26.875485916422363
2023-12-23 11:00:00+00:00,32,50.96846415968631
2023-12-23 12:00:00+00:00,35,39.18836330975382
2023-12-23 13:00:00+00:00,38,42.62443845708081
2023-12-23 14:00:00+00:00,49,42.02785135894419
2023-12-23 15:00:00+00:00,52,40.658178687138054
2023-12-23 16:00:00+00:00,64,43.6832396716835
2023-12-23 17:00:00+00:00,41,55.25373269335876
2023-12-23 18:00:00+00:00,23,35.378630543406366
2023-12-23 19:00:00+00:00,31,16.926745028421404
2023-12-23 20:00:00+00:00,14,20.644250306684217
2023-12-23 21:00:00+00:00,11,8.46135616708074
2023-12-23 22:00:00+00:00,6,5.0606247255823344
2023-12-23 23:00:00+00:00,7,3.5157927536731552
2023-12-24 01:00:00+00:00,2,3.8339088510957544
2023-12-24 02:00:00+00:00,1,2.9000101387744333
2023-12-24 03:00:00+00:00,1,2.3968185678907026
2023-12-24 04:00:00+00:00,1,4.33464903672384
2023-12-24 05:00:00+00:00,1,3.887883598746832
2023-12-24 06:00:00+00:00,1,5.288777884690355
2023-12-24 07:00:00+00:00,3,4.278628266097669
2023-12-24 08:00:00+00:00,6,8.9676117886252
2023-12-24 09:00:00+00:00,21,17.17340252972227
2023-12-24 10:00:00+00:00,29,36.500048713900036
2023-12-24 11:00:00+00:00,27,44.05447225604669
2023-12-24 12:00:00+00:00,34,38.393433460578635
2023-12-24 13:00:00+00:00,45,44.779174717230276
2023-12-24 14:00:00+00:00,41,46.61598018576855
2023-12-24 15:00:00+00:00,50,39.43862777235564
2023-12-24 16:00:00+00:00,48,50.399268105139996
2023-12-24 17:00:00+00:00,32,46.64882876821321
2023-12-24 18:00:00+00:00,13,24.006408123407653
2023-12-24 19:00:00+00:00,7,8.911502549734053
2023-12-24 20:00:00+00:00,7,3.425940089528301
2023-12-24 21:00:00+00:00,1,4.182319926966967
2023-12-24 22:00:00+00:00,1,2.4807992152441964
2023-12-24 23:00:00+00:00,5,2.179393261917329
2023-12-25 00:00:00+00:00,2,7.852929332980379
2023-12-25 01:00:00+00:00,2,8.333882404057817
2023-12-25 02:00:00+00:00,1,6.622158035019893
2023-12-25 05:00:00+00:00,1,4.252394545057647
2023-12-25 07:00:00+00:00,3,3.594465013570168
2023-12-25 08:00:00+00:00,4,8.86387677615587
2023-12-25 09:00:00+00:00,9,11.190760899550032
2023-12-25 10:00:00+00:00,9,18.60189142368826
2023-12-25 11:00:00+00:00,19,22.56365769998481
2023-12-25 12:00:00+00:00,23,33.639064777193006
2023-12-25 13:00:00+00:00,20,38.022485446674104
2023-12-25 14:00:00+00:00,28,25.51915959453825
2023-12-25 15:00:00+00:00,21,33.61382463984298
2023-12-25 16:00:00+00:00,26,25.10472070030668
2023-12-25 17:00:00+00:00,9,18.99117902497781
2023-12-25 18:00:00+00:00,14,12.085523196110984
2023-12-25 19:00:00+00:00,2,11.152410707014667
2023-12-25 20:00:00+00:00,7,5.308228945231212
2023-12-25 21:00:00+00:00,19,5.631114479888414
2023-12-25 22:00:00+00:00,4,17.76894186253588
2023-12-25 23:00:00+00:00,3,5.717339822604386
2023-12-26 00:00:00+00:00,3,4.241944436404778
2023-12-26 01:00:00+00:00,1,3.42514480315625
2023-12-26 02:00:00+00:00,1,2.261376363576798
2023-12-26 05:00:00+00:00,3,4.859980284183265
2023-12-26 06:00:00+00:00,4,11.313499099404863
2023-12-26 07:00:00+00:00,11,13.83874160842139
2023-12-26 08:00:00+00:00,22,16.697843400759805
2023-12-26 09:00:00+00:00,14,37.032788110884525
2023-12-26 10:00:00+00:00,34,24.301087173942932
2023-12-26 11:00:00+00:00,24,33.51265706888957
2023-12-26 12:00:00+00:00,38,32.71154065222768
2023-12-26 13:00:00+00:00,36,36.41896879950427
2023-12-26 14:00:00+00:00,54,39.05171012544202
2023-12-26 15:00:00+00:00,43,54.4489856135551
2023-12-26 16:00:00+00:00,53,38.409715821724554
2023-12-26 17:00:00+00:00,68,54.73363890148784
2023-12-26 18:00:00+00:00,39,64.49392401763158
2023-12-26 19:00:00+00:00,21,30.178338454593927
2023-12-26 20:00:00+00:00,20,14.049711704837298
2023-12-26 21:00:00+00:00,15,10.238139258044622
2023-12-26 22:00:00+00:00,4,8.903724840802452
2023-12-26 23:00:00+00:00,3,3.77514819529412
2023-12-27 00:00:00+00:00,4,4.273767900945015
2023-12-27 01:00:00+00:00,4,5.511603377634011
2023-12-27 02:00:00+00:00,1,7.239461893609944
2023-12-27 04:00:00+00:00,1,3.711924126479094
2023-12-27 05:00:00+00:00,2,4.450986530673054
2023-12-27 06:00:00+00:00,9,8.250393317594261
2023-12-27 07:00:00+00:00,8,24.59717790732298
2023-12-27 08:00:00+00:00,16,13.928031662617368
2023-12-27 09:00:00+00:00,30,28.676847652504673
2023-12-27 10:00:00+00:00,22,35.61158566177627
2023-12-27 11:00:00+00:00,18,29.29865554083069
2023-12-27 12:00:00+00:00,30,24.655616153475616
2023-12-27 13:00:00+00:00,31,34.659719528233914
2023-12-27 14:00:00+00:00,41,38.86231280858014
2023-12-27 15:00:00+00:00,36,44.89441218119896
2023-12-27 16:00:00+00:00,43,32.845916328455765
2023-12-27 17:00:00+00:00,33,42.63692861847552
2023-12-27 18:00:00+00:00,26,30.53324160442745
2023-12-27 19:00:00+00:00,15,15.614336833793864
2023-12-27 20:00:00+00:00,13,8.957100030815798
2023-12-27 21:00:00+00:00,4,6.53673313577875
2023-12-27 22:00:00+00:00,1,3.1349451564248336
2023-12-28 00:00:00+00:00,2,2.0341168855091714
2023-12-28 01:00:00+00:00,2,3.5172476212633974
2023-12-28 05:00:00+00:00,1,6.463779534677837
2023-12-28 06:00:00+00:00,5,3.9514531835472635
2023-12-28 07:00:00+00:00,10,11.71184689748538
2023-12-28 08:00:00+00:00,20,23.78674885888172
2023-12-28 09:00:00+00:00,20,38.25613192695355
2023-12-28 10:00:00+00:00,20,24.670978579801545
2023-12-28 11:00:00+00:00,34,18.46225800217541
2023-12-28 12:00:00+00:00,39,39.684963652651554
2023-12-28 13:00:00+00:00,44,45.161315283654
2023-12-28 14:00:00+00:00,36,47.42358584313635
2023-12-28 15:00:00+00:00,43,44.59364512320282
2023-12-28 16:00:00+00:00,42,49.09345608025406
2023-12-28 17:00:00+00:00,31,49.99220004188019
2023-12-28 18:00:00+00:00,19,33.69590043945758
2023-12-28 19:00:00+00:00,29,16.562997569101135
2023-12-28 20:00:00+00:00,16,18.190917363522324
2023-12-28 21:00:00+00:00,10,9.182893049764164
2023-12-28 22:00:00+00:00,6,6.398416942070211
2023-12-28 23:00:00+00:00,6,3.8074993696759165
2023-12-29 00:00:00+00:00,6,3.5980975036733533
2023-12-29 02:00:00+00:00,2,4.132802097914341
2023-12-29 03:00:00+00:00,2,3.161139627332322
2023-12-29 04:00:00+00:00,3,4.07639719516607
2023-12-29 05:00:00+00:00,2,4.560945853928751
2023-12-29 06:00:00+00:00,5,4.935879424453731
2023-12-29 07:00:00+00:00,12,10.134626131583193
2023-12-29 08:00:00+00:00,17,21.781224127560066
2023-12-29 09:00:00+00:00,25,32.32525428336831
2023-12-29 10:00:00+00:00,29,36.68927271869694
2023-12-29 11:00:00+00:00,38,35.52558287046154
2023-12-29 12:00:00+00:00,65,49.003164035383556
2023-12-29 13:00:00+00:00,61,64.96081459803617
2023-12-29 14:00:00+00:00,77,60.4059299973002
2023-12-29 15:00:00+00:00,91,70.05932174404131
2023-12-29 16:00:00+00:00,60,85.34058789687738
2023-12-29 17:00:00+00:00,53,59.75719953459842
2023-12-29 18:00:00+00:00,47,46.94782250492743
2023-12-29 19:00:00+00:00,51,34.11625287957588
2023-12-29 20:00:00+00:00,26,35.245926401448344
2023-12-29 21:00:00+00:00,9,15.522442646026086
2023-12-29 22:00:00+00:00,13,5.867212369292946
2023-12-29 23:00:00+00:00,5,6.5299873383750935
2023-12-30 00:00:00+00:00,7,3.466712927198955
2023-12-30 01:00:00+00:00,5,4.169318890911737
2023-12-30 02:00:00+00:00,2,4.735703551339854
2023-12-30 05:00:00+00:00,2,3.5530159793211973
2023-12-30 06:00:00+00:00,2,4.559515323264173
2023-12-30 07:00:00+00:00,7,4.251043171234773
2023-12-30 08:00:00+00:00,19,13.797606644544882
2023-12-30 09:00:00+00:00,22,33.99187017559289
2023-12-30 10:00:00+00:00,45,37.49575168594014
2023-12-30 11:00:00+00:00,49,48.40396005964914
2023-12-30 12:00:00+00:00,52,56.16548764277472
2023-12-30 13:00:00+00:00,55,58.91047313707541
2023-12-30 14:00:00+00:00,73,60.2696610327474
2023-12-30 15:00:00+00:00,69,72.38101211332601
2023-12-30 16:00:00+00:00,61,71.19416696234666
2023-12-30 17:00:00+00:00,39,54.152743623318145
2023-12-30 18:00:00+00:00,41,36.48375314226955
2023-12-30 19:00:00+00:00,33,32.6463867602596
2023-12-30 20:00:00+00:00,26,22.12293659197704
2023-12-30 21:00:00+00:00,18,14.88147131860262
2023-12-30 22:00:00+00:00,8,11.313579005528023
2023-12-30 23:00:00+00:00,12,4.838683630520338
2023-12-31 00:00:00+00:00,7,6.682358613593818
2023-12-31 01:00:00+00:00,7,4.330187383907563
2023-12-31 02:00:00+00:00,4,4.2585859253388625
2023-12-31 03:00:00+00:00,2,3.6152815065937602
2023-12-31 04:00:00+00:00,1,2.907061957084622
2023-12-31 06:00:00+00:00,2,3.1497416420332334
2023-12-31 07:00:00+00:00,6,5.233663398927956
2023-12-31 08:00:00+00:00,16,14.521311190461413
2023-12-31 09:00:00+00:00,17,25.438103779749987
2023-12-31 10:00:00+00:00,36,34.12976657603705
2023-12-31 11:00:00+00:00,41,45.42049895944645
2023-12-31 12:00:00+00:00,46,48.97571818533153
2023-12-31 13:00:00+00:00,39,53.61572062786868
2023-12-31 14:00:00+00:00,52,45.071342961639644
2023-12-31 15:00:00+00:00,69,50.41082420505057
2023-12-31 16:00:00+00:00,69,61.67020824466039
2023-12-31 17:00:00+00:00,53,57.469085704406496
2023-12-31 18:00:00+00:00,21,48.10024493786429
2023-12-31 19:00:00+00:00,22,15.301597242001774
2023-12-31 20:00:00+00:00,25,13.018280221422778
2023-12-31 21:00:00+00:00,14,14.451390283890353
2023-12-31 22:00:00+00:00,15,7.68687186664679
2023-12-31 23:00:00+00:00,10,8.32140280545343
